,address,name,order,page_link,rank,tel
0,广东省广州市天河区天河路600号,"
        中山大学附属第三医院天河医院
      ",156.4万,https://www.guahao.com/hospital/05ba2f6c-ec92-4a58-a6d0-31befb5474ed000,三级甲等,020-85253333
1,广东省广州市广州大道北路1838号,"
        南方医科大学南方医院
      ",4.9万,https://www.guahao.com/hospital/a986c8d76-c720-11e1-913c-5cf9dd2e7135000,三级甲等,020-61641114
2,广东省广州市越秀区大德路111号,"
        广东省中医院大德路总院
      ",200.3万,https://www.guahao.com/hospital/eba8a3ab-dcde-4538-9a7e-05c55732b5f8000,三级甲等,020-81887233
3,广州市沿江路151号(原市总工对面),"
        广州医科大学附属第一医院
      ",26.6万,https://www.guahao.com/hospital/08319D6686C53137E0530F01A8C095E4000,三级甲等,020-83062114
4,广东省广州市工业大道中253号,"
        南方医科大学珠江医院
      ",1.6万,https://www.guahao.com/hospital/ccb59b2f-027d-489c-888d-7577dc95558f000,三级甲等,020-61643888
5,广东省广州市涌岸街36号,"
        广东省中医院芳村分院
      ",28.2万,https://www.guahao.com/hospital/f3869b07-efad-4620-aeed-25d64c752155000,三级甲等,020-81499399
6,广东省广州市麓景路上街13巷9号,"
        广东省中医院下塘门诊部
      ",1.4万,https://www.guahao.com/hospital/75eab779-3179-45af-a0c0-c69c9e04148b000,三级甲等,020-83599517
7,东城区光明新街路1号,"
        东莞市人民医院普济院区
      ",7557,https://www.guahao.com/hospital/06e0a487-3ded-424d-91f5-e64b65cb772c000,三级甲等,0769-28637333
8,莞城王屋街23号,"
        东莞市人民医院第一门诊部
      ",3552,https://www.guahao.com/hospital/367fd7d4-e91b-4602-913a-8b7439a6f28b000,三级甲等,0769-28637333
9,广东省广州市白云机场路16号大院,"
        广州中医药大学第一附属医院
      ",81.1万,https://www.guahao.com/hospital/382e8091-4d7a-4371-b1f8-3d51bb40f7a0000,三级甲等,020-36591912
0,广东省广州市荔湾区多宝路63号,"
        广州医科大学附属第三医院
      ",59.3万,https://www.guahao.com/hospital/1ee21b16-9630-4e97-b4d6-daa6218b4c98000,三级甲等,"020-83992008,020-81292949"
1,广东省广州市越秀区二沙岛大通路261号,"
        广东省中医院二沙岛分院
      ",49.4万,https://www.guahao.com/hospital/631cac0d-69ee-4d0c-857d-cb10512d4dec000,三级甲等,020-87351238
2,广东省广州市番禺区大学城内环西路55号,"
        广东省中医院大学城医院
      ",35.4万,https://www.guahao.com/hospital/d8f95511-b5df-480d-aaaf-a498c708620b000,三级甲等,020-39318100
3,广东省广州市萝岗区开创大道2693号,"
        中山大学附属第三医院岭南医院
      ",10.4万,https://www.guahao.com/hospital/ec56a4c2-9e39-46de-a370-ce9b4ef37bae000,三级甲等,020-82179000
4,广东省广州市天河东路60号,"
        广东省中医院天河门诊部
      ",5.6万,https://www.guahao.com/hospital/8c8a90ec-75de-40c2-9a25-11511ff9fc3e000,三级甲等,020-87504990
5,广东省广州市天河区黄埔大道西613号,"
        广州华侨医院
      ",3.9万,https://www.guahao.com/hospital/e75a2ad0-72c5-425b-9b36-34a8dc16a485000,三级甲等,020-38688888
6,流花路111号,"
        广州总医院
      ",2.9万,https://www.guahao.com/hospital/1b20c89d-2c00-40c4-babc-4d34adb80d45000,三级甲等,020-00000000
7,广东省广州市海珠区石榴岗路1号,"
        广东省第二人民医院
      ",1.2万,https://www.guahao.com/hospital/a867e11f-c720-11e1-913c-5cf9dd2e7135000,三级甲等,020-89168888
8,广东省广州越秀区东风东路801号,"
        中国人民解放军第458医院
      ",6283,https://www.guahao.com/hospital/9867cd41-c720-11e1-913c-5cf9dd2e7135000,三级甲等,4008300458
9,广东省广州市白云区沙太南路578号,"
        广东三九脑科医院
      ",5558,https://www.guahao.com/hospital/9a995811-c720-11e1-913c-5cf9dd2e7135000,三级甲等,020-62323939
0,广东省广州市白云区增槎路14号,"
        广东省中医院罗冲围门诊部
      ",4571,https://www.guahao.com/hospital/32c541aa-8292-4908-80e7-da74b28df678000,三级甲等,020-81758033
1,石榴岗路13号,"
        南方医科大学中西医结合医院（南医大肿瘤中心）
      ",2503,https://www.guahao.com/hospital/a71cc150-a679-4df8-893c-3a4baa7f2f3e000,三级甲等,"020-61650000,4006020120"
2,广东省广州市荔湾区黄沙大道31号,"
        广州医科大学附属口腔医院
      ",2055,https://www.guahao.com/hospital/986bd861-c720-11e1-913c-5cf9dd2e7135000,三级甲等,020-61359417
3,广东省东莞市万江区新谷涌万道路南3号,"
        东莞市人民医院万江院区
      ",3.7万,https://www.guahao.com/hospital/3a4d5f69-65ce-444e-b592-22956d5d8c9f000,三级甲等,0769-28637333
4,广州市番禺区市桥街桥东路65号,"
        广州市番禺区中医院
      ",572,https://www.guahao.com/hospital/ed308e56-821b-4ae5-80ac-53739fe77263000,三级甲等,无
5,石榴岗路13号,"
        南方医科大学肿瘤中心（中西医结合医院）
      ",211,https://www.guahao.com/hospital/4181c3ea-7a5d-4712-8a77-61e2ca4f53fa000,三级甲等,020-61650000
6,广东省东莞市东城东路1号,"
        东莞市东华医院
      ",3767,https://www.guahao.com/hospital/9867ea6c-c720-11e1-913c-5cf9dd2e7135000,三级甲等,0769-22333333
7,广东省深圳市福田莲花路1120号,"
        北京大学深圳医院
      ",130,https://www.guahao.com/hospital/986c2002-c720-11e1-913c-5cf9dd2e7135000,三级甲等,0755-83923333
8,广东省深圳市东门北路1017号,"
        深圳市人民医院
      ",105,https://www.guahao.com/hospital/986cbb90-c720-11e1-913c-5cf9dd2e7135000,三级甲等,0755-25533018
9,总院-深圳笋岗西路3002号/中西医结合分院-深圳...,"
        深圳市第二人民医院
      ",84,https://www.guahao.com/hospital/986c329b-c720-11e1-913c-5cf9dd2e7135000,三级甲等,0755-83366388
0,深圳福田区福华路1号,"
        深圳市中医院
      ",64,https://www.guahao.com/hospital/98674a8b-c720-11e1-913c-5cf9dd2e7135000,三级甲等,0755-88359666
1,深圳市龙华新区龙观东路101号,"
        深圳市人民医院龙华分院
      ",59,https://www.guahao.com/hospital/986b5993-c720-11e1-913c-5cf9dd2e7135000,三级甲等,0755-27745118
2,深圳市宝安区宝城16区龙井二路118号,"
        深圳市宝安区人民医院
      ",55,https://www.guahao.com/hospital/9867caaa-c720-11e1-913c-5cf9dd2e7135000,三级甲等,0755-27788311
3,深圳市龙岗区龙岗大道(龙岗段)6082号,"
        深圳市龙岗中心医院
      ",37,https://www.guahao.com/hospital/9869d7a5-c720-11e1-913c-5cf9dd2e7135000,三级甲等,0755-84806933
4,东莞市城区沙地塘88,"
        东莞市人民医院红楼院区
      ",719,https://www.guahao.com/hospital/8e138a91-2ec1-40be-99c0-7a760086e3d6000,三级甲等,0769-28637333
5,深圳市南山区桃园路89号,"
        深圳市南山区人民医院
      ",30,https://www.guahao.com/hospital/986bd4cf-c720-11e1-913c-5cf9dd2e7135000,三级甲等,0755-26553111
6,深圳市宝安区裕安二路25号,"
        深圳市宝安区中医院(集团)
      ",29,https://www.guahao.com/hospital/9a9a16cd-c720-11e1-913c-5cf9dd2e7135000,三级甲等,0755-29629333
7,红荔院区(二门诊部)：福田区红荔路2004号。福强...,"
        深圳市妇幼保健院
      ",21,https://www.guahao.com/hospital/98675cd5-c720-11e1-913c-5cf9dd2e7135000,三级甲等,0755-82889999
8,罗湖区红岭南路金塘街40号,"
        深圳平乐骨伤科医院
      ",18,https://www.guahao.com/hospital/986b585e-c720-11e1-913c-5cf9dd2e7135000,三级甲等,0755-82364291
9,深圳市罗湖区深南东路3046号,"
        深圳市人民医院一门诊
      ",11,https://www.guahao.com/hospital/f4323005-074c-48e8-8dbb-38df14475d69000,三级甲等,0755-82197733
0,深圳市福田区景田北三街6001号,"
        广州中医药大学深圳医院
      ",8,https://www.guahao.com/hospital/9a91133b-c720-11e1-913c-5cf9dd2e7135000,三级甲等,0755-83548611
1,深圳市东门北路1021号,"
        深圳市孙逸仙心血管医院
      ",8,https://www.guahao.com/hospital/9a98d997-c720-11e1-913c-5cf9dd2e7135000,三级甲等,0755-25509566
2,深圳市罗湖区解放路3015号(在一楼挂号窗或三楼收...,"
        深圳市中医院一门诊
      ",6,https://www.guahao.com/hospital/bbe4df4f-5ef0-4f6d-b7f5-c47642ba638d000,三级甲等,0755-25578220
3,深圳市福田区海园一路(侨城东路与白石路交汇处),"
        香港大学深圳医院
      ",37,https://www.guahao.com/hospital/c62357f3-6f0c-4862-b725-f62214685f97000,三级乙等,0755-86913399
4,深圳市布澜路29号,"
        深圳市第三人民医院
      ",26,https://www.guahao.com/hospital/9867ce50-c720-11e1-913c-5cf9dd2e7135000,三级乙等,0755-61222333
5,深圳市龙岗区体育新城大运路1号,"
        北京中医药大学深圳医院
      ",7,https://www.guahao.com/hospital/88dbda44-e1e5-4eed-b262-9c99094c7367000,三级乙等,0755-89911830
6,深圳市福田区泽田路18号,"
        深圳市眼科医院
      ",28,https://www.guahao.com/hospital/9a998176-c720-11e1-913c-5cf9dd2e7135000,三级丙等,0755-23959600
7,东区:深圳市南山区蛇口湾厦路1号;西区:深圳市蛇口...,"
        深圳市南山区蛇口人民医院
      ",13,https://www.guahao.com/hospital/986b2106-c720-11e1-913c-5cf9dd2e7135000,三级丙等,0755-21606999
8,深圳市龙华新区龙华街道建设东路,"
        深圳市龙华区人民医院
      ",10,https://www.guahao.com/hospital/02a29335-dca2-48ee-ac08-9234ef824784000,三级丙等,0755-27741585-8500
9,深圳市深南中路3025号,"
        深圳市第四人民医院
      ",8,https://www.guahao.com/hospital/9867e857-c720-11e1-913c-5cf9dd2e7135000,三级丙等,"0755-83982222,0755-839813..."
0,深圳市龙岗区中心城爱心路53号,"
        深圳市龙岗区人民医院
      ",6,https://www.guahao.com/hospital/986957b0-c720-11e1-913c-5cf9dd2e7135000,三级丙等,0755-28932833
1,观澜大道西,"
        深圳市龙华新区中心医院
      ",5,https://www.guahao.com/hospital/fa41ab5e-41fb-4f42-9279-0bb2d95d9ab3000,三级丙等,0755-28015466
2,龙岗大道3004号(三号线地铁吉祥站A出口),"
        深圳市龙岗区耳鼻咽喉医院
      ",3,https://www.guahao.com/hospital/ce9c4e47-b087-41c8-9898-1e5ccd927ff9000,三级丙等,0755-28989999
3,广东省深圳市沙井大街3号,"
        深圳市宝安区沙井人民医院
      ",36,https://www.guahao.com/hospital/9a91016b-c720-11e1-913c-5cf9dd2e7135000,二级甲等,0755-27201982
4,深圳市宝安区石岩街道吉祥路11号,"
        深圳市宝安区石岩人民医院
      ",27,https://www.guahao.com/hospital/19b65475-88c9-4bfe-8eff-ccd4ed9f127b000,二级甲等,0755-27767861
5,深圳市龙岗区横岗镇松柏路278号,"
        深圳市龙岗区第三人民医院
      ",27,https://www.guahao.com/hospital/75bbf1b6-6a32-40b5-8ce1-b89019127e15000,二级甲等,28865650—3786
6,深圳市罗湖区友谊路47号,"
        深圳市罗湖区人民医院
      ",27,https://www.guahao.com/hospital/9867e2b5-c720-11e1-913c-5cf9dd2e7135000,二级甲等,0755-82203083
7,深圳市宝安区宝城30区裕安二路21号,"
        深圳市宝安区妇幼保健院
      ",21,https://www.guahao.com/hospital/98685546-c720-11e1-913c-5cf9dd2e7135000,二级甲等,0755-27803309
8,深圳市宝安区福永街道德丰路81号,"
        深圳市宝安区福永人民医院
      ",16,https://www.guahao.com/hospital/9a99881c-c720-11e1-913c-5cf9dd2e7135000,二级甲等,0755-27382097
9,深圳市宝安区松岗镇沙江路2号,"
        深圳市宝安区松岗人民医院
      ",11,https://www.guahao.com/hospital/986b58f8-c720-11e1-913c-5cf9dd2e7135000,二级甲等,0755-27718530
0,深圳市坪山新区人民街19号,"
        深圳市坪山区人民医院
      ",10,https://www.guahao.com/hospital/f0175c31-8407-46ff-b869-d6f37288ca9f000,二级甲等,0755-89263702
1,深圳市南山区西丽留仙大道2051号,"
        深圳市南山区西丽人民医院
      ",9,https://www.guahao.com/hospital/25e74836-1225-4705-bd7c-91b5f4e238aa000,二级甲等,0755-26528903
2,深圳市龙岗区布吉镇吉华路175号,"
        深圳市龙岗区第二人民医院
      ",10,https://www.guahao.com/hospital/b6011958-ed0d-448e-92b7-71b4348aedaf000,二级甲等,0755-61215911
3,深圳市宝安区西乡街道乐园街60号(广深公路旁),"
        深圳市宝安区中心医院
      ",8,https://www.guahao.com/hospital/986bbd08-c720-11e1-913c-5cf9dd2e7135000,二级甲等,0755-27956811
4,深圳市福田区金田路2002号,"
        深圳市福田区妇幼保健院
      ",7,https://www.guahao.com/hospital/986908ef-c720-11e1-913c-5cf9dd2e7135000,二级甲等,0755-83836163
5,广东省东莞市南城区西平宏伟东二路,"
        广东医学院附属生殖医学中心
      ",113,https://www.guahao.com/hospital/7f2420d5-0eba-4641-8f4e-6b7d80897486000,二级甲等,0769-21680777
6,广东省深圳市龙岗区中心城11区,"
        深圳市龙岗区妇幼保健院
      ",5,https://www.guahao.com/hospital/9a912d15-c720-11e1-913c-5cf9dd2e7135000,二级甲等,0755-28933063
7,广东省深圳市太白路2013号,"
        深圳市罗湖区妇幼保健院
      ",2,https://www.guahao.com/hospital/9a911135-c720-11e1-913c-5cf9dd2e7135000,二级甲等,0755-25510706
8,广东省深圳市乐园路83号,"
        深圳市罗湖区中医院
      ",2,https://www.guahao.com/hospital/9a98ed9d-c720-11e1-913c-5cf9dd2e7135000,二级甲等,0755-82238541
9,蛇口湾厦路1号(湾厦路与蛇口新街交界处),"
        深圳市南山区妇幼保健院
      ",3,https://www.guahao.com/hospital/042cc4cf-83bd-4b3c-8993-139d782288cb000,二级甲等,0755-87850088
0,平湖街道双拥街77号,"
        深圳市龙岗区第五人民医院
      ",0,https://www.guahao.com/hospital/2227f106-3166-48eb-a7fb-56fe30b40966000,二级甲等,0755-28932833
1,深圳市坪山新区深汕路坑梓段252号,"
        深圳平乐骨伤科医院坪山院区
      ",0,https://www.guahao.com/hospital/619228a7-91c0-423d-aaa0-e94db8ecf319000,二级甲等,0755-84531320
2,深圳盐田区梧桐路2023号,"
        深圳市盐田区人民医院
      ",0,https://www.guahao.com/hospital/986a4cdf-c720-11e1-913c-5cf9dd2e7135000,二级甲等,0755-25215636
3,深圳市罗湖区翠竹路1080号,"
        深圳市康宁医院
      ",0,https://www.guahao.com/hospital/986a69c6-c720-11e1-913c-5cf9dd2e7135000,二级甲等,0755-25629459
4,深圳市罗湖区桂园北路果园东70号,"
        深圳市职业病防治院
      ",0,https://www.guahao.com/hospital/9a9983a4-c720-11e1-913c-5cf9dd2e7135000,二级甲等,0755-61385522
5,深南大道农林路1号,"
        福田医院香蜜湖分院
      ",0,https://www.guahao.com/hospital/9a9caf99-c720-11e1-913c-5cf9dd2e7135000,二级甲等,0755-83703231
6,深圳市龙岗区龙岗街道杨梅岗新生西路243号,"
        深圳市龙岗区骨科医院
      ",0,https://www.guahao.com/hospital/acc12a6d-9432-4027-98bf-1300a72bf25e000,二级甲等,0755-84865696
7,广东省广州市中山二路58号,"
        中山大学附属第一医院
      ",0,https://www.guahao.com/hospital/986ca741-c720-11e1-913c-5cf9dd2e7135000,三级甲等,020-87330808
8,观澜街道观澜大道118号,"
        深圳市龙华新区慢性病防治中心
      ",0,https://www.guahao.com/hospital/f3fd4571-711a-4524-8a2b-d158d0a63c2b000,二级乙等,0755-28024008
9,深圳市坪山新区坑梓办事处龙兴南路6号,"
        深圳市坪山新区妇幼保健院
      ",1,https://www.guahao.com/hospital/57d69d7c-3626-4295-905d-2c957fafa627000,二级乙等,0755-66832333
0,光明新区光明镇华夏路39号,"
        深圳市光明新区中心医院
      ",6,https://www.guahao.com/hospital/be011c30-89ee-437d-9280-b5aa0f560589000,二级丙等,0755-27400061
1,南澳街道人民路6号,"
        深圳市大鹏新区南澳人民医院
      ",0,https://www.guahao.com/hospital/5116524f-c5bf-4ead-9a80-f5200314e9f1000,二级甲等,0754-86802348
2,广东省深圳市福田区上梅林中康路27号,"
        深圳市福田区第二人民医院
      ",1,https://www.guahao.com/hospital/9a9131f1-c720-11e1-913c-5cf9dd2e7135000,二级丙等,0755-83110237
3,天文巷32号（院本部）,"
        高州市妇幼保健院
      ",1,https://www.guahao.com/hospital/8bed1da5-7960-4391-815e-6224fd29e71f000,二级甲等,0668-6681906
4,广东省广州市中山二路106号(中山二路和东川路交界...,"
        广东省人民医院
      ",854,https://www.guahao.com/hospital/36320406-2610-4bda-a421-df1cf83eb23a000,三级甲等,020-83827812
5,深圳市大鹏新区葵涌街道葵新北路26号,"
        深圳市大鹏新区葵涌人民医院
      ",1,https://www.guahao.com/hospital/db99e6b2-4175-454a-8105-d947163b6548000,一级甲等,0755-84204067
6,广东省深圳市盐田区沙头角东和路9号,"
        深圳市盐田区妇幼保健院
      ",0,https://www.guahao.com/hospital/1843f3c2-7730-4d4b-abaf-5821283a9584000,一级甲等,0755-25355272
7,深圳市南山区华侨城,"
        深圳华侨城医院
      ",0,https://www.guahao.com/hospital/2e5a9696-9f30-407e-adc9-4b50dd348272000,一级甲等,0755-26600223
8,龙岗大道3076号,"
        深圳市龙岗区第六人民医院
      ",0,https://www.guahao.com/hospital/2fbacd46-6cd1-46ff-8fca-f9ceeb5b8a8c000,一级甲等,0755-28332581
9,广东省深圳市福田区新沙路9号,"
        深圳市福田区慢性病防治院
      ",0,https://www.guahao.com/hospital/9a9a38c7-c720-11e1-913c-5cf9dd2e7135000,一级甲等,0755-83898120
0,广东省广州市东风东路651号,"
        中山大学附属肿瘤医院
      ",0,https://www.guahao.com/hospital/986cab7f-c720-11e1-913c-5cf9dd2e7135000,三级甲等,020-87343571
1,广东省广州市沿江西路107号,"
        中山大学孙逸仙纪念医院
      ",0,https://www.guahao.com/hospital/986c8e35-c720-11e1-913c-5cf9dd2e7135000,三级甲等,020-81332199
2,广东省广州市先烈南路54号,"
        中山大学中山眼科中心
      ",0,https://www.guahao.com/hospital/986caa11-c720-11e1-913c-5cf9dd2e7135000,三级甲等,020-87330000
3,儿童医院院区广州市人民中路318号珠江新城院区广州...,"
        广州市儿童医院
      ",0,https://www.guahao.com/hospital/986cb09c-c720-11e1-913c-5cf9dd2e7135000,三级甲等,020-81886332
4,广东省广州市越秀区人民中路398-402号,"
        广州市妇婴医院
      ",0,https://www.guahao.com/hospital/986cb524-c720-11e1-913c-5cf9dd2e7135000,三级甲等,020-81886332
5,广东省广州市金穗路9号,"
        广州市妇女儿童医疗中心珠江新城院区
      ",0,https://www.guahao.com/hospital/9aa273c6-c720-11e1-913c-5cf9dd2e7135000,三级甲等,020-81886332
6,广东省广州市广州大道北梅花园白灰场路15号,"
        广州军区广州总医院157分院
      ",12,https://www.guahao.com/hospital/9a997bcb-c720-11e1-913c-5cf9dd2e7135000,三级甲等,020-87247217
7,广东省广州市番禺区桥南街富愉东路8号,"
        广州市番禺区中心医院
      ",0,https://www.guahao.com/hospital/0b28fe5e-2c18-4b57-a52d-640b2cdc074c000,三级甲等,020-34858891
8,广东省广州市越秀区麓湖路横枝岗78号,"
        广州医科大学附属肿瘤医院
      ",0,https://www.guahao.com/hospital/8bfc3f11-6e7c-4b1e-ae36-97e79567a936000,三级甲等,020-66673666
9,广东省广州市黄埔区黄埔东路183号,"
        中山大学附属第一医院黄埔院区
      ",0,https://www.guahao.com/hospital/9867366d-c720-11e1-913c-5cf9dd2e7135000,三级甲等,020-82377155
0,广州市越秀区横枝岗路62号,"
        广州市胸科医院
      ",0,https://www.guahao.com/hospital/9867cb2c-c720-11e1-913c-5cf9dd2e7135000,三级甲等,020-83595977
1,广州市恒福路60号,"
        广东省第二中医院
      ",0,https://www.guahao.com/hospital/9867dfce-c720-11e1-913c-5cf9dd2e7135000,三级甲等,020-83482172
2,农林门诊广东省广州东山农林下路19路共和门诊广东省...,"
        广东药学院附属第一医院
      ",0,https://www.guahao.com/hospital/986844e7-c720-11e1-913c-5cf9dd2e7135000,三级甲等,020-61321847
3,骨伤科医院:广州江南西路青竹大街22号;芳村分院:...,"
        广州中医药大学第三附属医院
      ",0,https://www.guahao.com/hospital/9868eaef-c720-11e1-913c-5cf9dd2e7135000,三级甲等,020-84433651
4,广东省广州市天河区中山大道西183号,"
        南方医科大学第三附属医院
      ",0,https://www.guahao.com/hospital/986bbac2-c720-11e1-913c-5cf9dd2e7135000,三级甲等,020-62784188
5,广东省广州市天河区员村二横路19号,"
        中山大学附属第六医院
      ",0,https://www.guahao.com/hospital/986c18f9-c720-11e1-913c-5cf9dd2e7135000,三级甲等,020-38254000
6,广东省广州市越秀区广园西路13号,"
        广东省妇幼保健院
      ",0,https://www.guahao.com/hospital/986c858d-c720-11e1-913c-5cf9dd2e7135000,三级甲等,020-61118777
7,广东省广州市麓湖路横枝岗78号,"
        广州医学院附属肿瘤医院
      ",0,https://www.guahao.com/hospital/986c89cd-c720-11e1-913c-5cf9dd2e7135000,三级甲等,020-66673666
8,广东省广州市海珠区昌岗东路250号,"
        广州医学院第二附属医院
      ",0,https://www.guahao.com/hospital/986c8bfb-c720-11e1-913c-5cf9dd2e7135000,三级甲等,020-34153386
9,广东省广州市珠玑路16号,"
        广州市中医院
      ",0,https://www.guahao.com/hospital/986c8fb5-c720-11e1-913c-5cf9dd2e7135000,三级甲等,020-81226069
0,广东省广州市江南大道南366号,"
        广东省口腔医院
      ",0,https://www.guahao.com/hospital/986caf22-c720-11e1-913c-5cf9dd2e7135000,三级甲等,020-84427034
1,广东省广州市芳村明心路36号,"
        广州市脑科医院
      ",0,https://www.guahao.com/hospital/986cb15b-c720-11e1-913c-5cf9dd2e7135000,三级甲等,020-81891425
2,广东省广州市盘福路1号,"
        广州市第一人民医院
      ",0,https://www.guahao.com/hospital/986cb460-c720-11e1-913c-5cf9dd2e7135000,三级甲等,020-81048888
3,广东省广州市天河区燕岭路268号,"
        武警广东总队医院
      ",0,https://www.guahao.com/hospital/986cec72-c720-11e1-913c-5cf9dd2e7135000,三级甲等,020-61627499
4,广东省广州市海珠区同福中路396号,"
        广州市红十字会医院
      ",0,https://www.guahao.com/hospital/986d1866-c720-11e1-913c-5cf9dd2e7135000,三级甲等,020-84412233
5,广东省广州市农林下路19号广东药学院附属第一医院住...,"
        广东药学院附属第一医院激光整形美容中心
      ",0,https://www.guahao.com/hospital/9a98bd5d-c720-11e1-913c-5cf9dd2e7135000,三级甲等,020-61321777
6,广东省广州市番禺区市广路8号祈福医院,"
        广州中医药大学祈福医院
      ",0,https://www.guahao.com/hospital/9a9982e9-c720-11e1-913c-5cf9dd2e7135000,三级甲等,020-84518999
7,广州市荔湾区芳村明心路36号,"
        广州市惠爱医院
      ",0,https://www.guahao.com/hospital/b2a83ce5-38b8-438d-94a0-80c4ed43e23a000,三级甲等,020-81891425
8,广东省惠州市惠城区鹅岭南路20号,"
        中国人民解放军第173医院
      ",251,https://www.guahao.com/hospital/685dbb14-b7e1-42b2-bca0-86aab0a3ba88000,三级甲等,0752-2269615
9,深圳市罗湖区迎春路15号,"
        深圳市中医院三门诊
      ",0,https://www.guahao.com/hospital/62f64fcb-8986-4569-8e04-73c80d5b3b44000,三级甲等,0755-82221786
0,新湖路1333号,"
        南方医科大学深圳医院
      ",0,https://www.guahao.com/hospital/86484bde-21d4-4ad2-a72b-27119250a840000,三级甲等,0755-23329999
1,广东省东莞市石龙镇黄洲区祥龙路1号,"
        东莞市第三人民医院
      ",0,https://www.guahao.com/hospital/986723a0-c720-11e1-913c-5cf9dd2e7135000,三级甲等,0769-81368222
2,佛山市南海区桂城桂平西路12号,"
        佛山市南海区妇幼保健院
      ",0,https://www.guahao.com/hospital/98673ab7-c720-11e1-913c-5cf9dd2e7135000,三级甲等,0757-86281123
3,广东省东莞市东城区主山社区振兴路99号,"
        东莞市妇幼保健院
      ",0,https://www.guahao.com/hospital/98675961-c720-11e1-913c-5cf9dd2e7135000,三级甲等,0769-22218045
4,广东省佛山市禅城区人民西路11号,"
        佛山市妇幼保健院
      ",0,https://www.guahao.com/hospital/9867cdc8-c720-11e1-913c-5cf9dd2e7135000,三级甲等,0757-82969789
5,广东省东莞市虎门镇虎门大道港口路段,"
        东莞市太平人民医院
      ",0,https://www.guahao.com/hospital/98690a0a-c720-11e1-913c-5cf9dd2e7135000,三级甲等,0769-85010257
6,广东省佛山市禅城区石湾三友南路3号,"
        佛山市禅城区中心医院
      ",0,https://www.guahao.com/hospital/9869baab-c720-11e1-913c-5cf9dd2e7135000,三级甲等,0757-82278866
7,广东省佛山市南海区桂城南五路16号,"
        广东省中西医结合医院
      ",0,https://www.guahao.com/hospital/986bcdfa-c720-11e1-913c-5cf9dd2e7135000,三级甲等,0757-86224289
8,广东省佛山市南海区佛平路40号,"
        佛山市南海区人民医院
      ",0,https://www.guahao.com/hospital/986c13ae-c720-11e1-913c-5cf9dd2e7135000,三级甲等,0757-86332927
9,广东省东莞市城区东门路61号,"
        东莞市中医院
      ",0,https://www.guahao.com/hospital/986c15a2-c720-11e1-913c-5cf9dd2e7135000,三级甲等,0769-26385588
0,广东省佛山市亲仁路6号,"
        佛山市中医院
      ",0,https://www.guahao.com/hospital/986c1b05-c720-11e1-913c-5cf9dd2e7135000,三级甲等,0757-83063333
1,广东省佛山市禅城区岭南大道北81号,"
        佛山市第一人民医院
      ",0,https://www.guahao.com/hospital/986c9766-c720-11e1-913c-5cf9dd2e7135000,三级甲等,0757-83833633
2,广东省佛山市南海区平洲永安中路58号,"
        广东省人民医院平洲分院
      ",0,https://www.guahao.com/hospital/9aa1bee0-c720-11e1-913c-5cf9dd2e7135000,三级甲等,0757-86786098
3,东莞市南城建设路9号,"
        东莞国境口岸医院
      ",0,https://www.guahao.com/hospital/bdb21045-5185-4ac1-94ed-3d82ee32b982000,三级甲等,0769-21995099
4,广东省汕头市东厦北路（珠厦小区）,"
        汕头大学医学院第二附属医院
      ",0,https://www.guahao.com/hospital/FF0153A8F02D2010E0430F01A8C07495000,三级甲等,0754-88915666
5,广东省珠海市香洲区梅华东路52号,"
        中山大学附属第五医院
      ",0,https://www.guahao.com/hospital/9867e9e3-c720-11e1-913c-5cf9dd2e7135000,三级甲等,0756-2528888
6,广东省中山市东区城桂路6号,"
        中山市博爱医院
      ",0,https://www.guahao.com/hospital/9869d673-c720-11e1-913c-5cf9dd2e7135000,三级甲等,0760-88306123
7,广东省珠海市吉大景乐路53号,"
        广东省中医院珠海医院
      ",0,https://www.guahao.com/hospital/986bcb60-c720-11e1-913c-5cf9dd2e7135000,三级甲等,0756-3325088
8,广东省汕头市外马路114号,"
        汕头市中心医院
      ",0,https://www.guahao.com/hospital/986c1454-c720-11e1-913c-5cf9dd2e7135000,三级甲等,0754-88908890
9,广东省珠海市康宁路79号,"
        珠海市人民医院
      ",0,https://www.guahao.com/hospital/986c14fb-c720-11e1-913c-5cf9dd2e7135000,三级甲等,0756-2222569
0,广东省汕头市长平路57号,"
        汕头大学医学院第一附属医院
      ",0,https://www.guahao.com/hospital/986c17a0-c720-11e1-913c-5cf9dd2e7135000,三级甲等,0754-88258290
1,广东省珠海市香洲区柠溪路543号,"
        珠海市妇幼保健院
      ",0,https://www.guahao.com/hospital/986c184c-c720-11e1-913c-5cf9dd2e7135000,三级甲等,0756-2313088
2,广东省中山市西区康欣路3号,"
        中山市中医院
      ",0,https://www.guahao.com/hospital/986c2525-c720-11e1-913c-5cf9dd2e7135000,三级甲等,0760－88803661
3,广东省中山市孙文中路2号,"
        广东省中山市人民医院
      ",0,https://www.guahao.com/hospital/986c315c-c720-11e1-913c-5cf9dd2e7135000,三级甲等,0760-88823566
4,解放西路14号,"
        湛江市第二中医院
      ",0,https://www.guahao.com/hospital/d74705d4-cfd4-46d6-ad98-ae84b0da065c000,三级甲等,0759-2283540
5,湛江市海滨三路40号,"
        中国人民解放军第422医院
      ",0,https://www.guahao.com/hospital/25266ac2-4ec9-4a18-8d89-efd2fc499914000,三级甲等,0759-3565422
6,大亚湾区中兴北路186号,"
        惠州市中大惠亚医院
      ",0,https://www.guahao.com/hospital/958bbefd-2bba-44da-bcf9-e59e837c11d0000,三级甲等,0752-6516990-8511
7,广东省湛江市赤坎区海北路52号,"
        湛江市第一中医院
      ",0,https://www.guahao.com/hospital/9867e3a7-c720-11e1-913c-5cf9dd2e7135000,三级甲等,4000191580
8,广东省湛江市赤坎寸金路2号,"
        湛江中心人民医院
      ",0,https://www.guahao.com/hospital/9867e7d4-c720-11e1-913c-5cf9dd2e7135000,三级甲等,0759-3157201
9,"本部:广东省江门市华园东路30号,第一门诊:跃进路...","
        江门市五邑中医院
      ",0,https://www.guahao.com/hospital/986c19a7-c720-11e1-913c-5cf9dd2e7135000,三级甲等,0750-3509898
0,广东省茂名市为民路101号,"
        茂名市人民医院
      ",0,https://www.guahao.com/hospital/986c2e53-c720-11e1-913c-5cf9dd2e7135000,三级甲等,0668-2922577
1,广东省茂名市油城五路7号大院,"
        茂名市中医院
      ",0,https://www.guahao.com/hospital/986c2eec-c720-11e1-913c-5cf9dd2e7135000,三级甲等,0668-2861111
2,广东省湛江市霞山人民大道南57号,"
        广东医学院附属医院
      ",0,https://www.guahao.com/hospital/986c2f86-c720-11e1-913c-5cf9dd2e7135000,三级甲等,0759-2369606
3,广东省湛江市霞山区人民大道中2号,"
        广东省农垦中心医院
      ",0,https://www.guahao.com/hospital/986c30bf-c720-11e1-913c-5cf9dd2e7135000,三级甲等,0759-2633667
4,广东省湛江市赤坎区北桥路14号,"
        湛江196医院
      ",0,https://www.guahao.com/hospital/986cf36e-c720-11e1-913c-5cf9dd2e7135000,三级甲等,0759-3109196
5,广东省江门市北街海傍街23号,"
        江门市中心医院
      ",0,https://www.guahao.com/hospital/986d4340-c720-11e1-913c-5cf9dd2e7135000,三级甲等,0750-3165500
6,广东省惠州市鹅岭北路41号,"
        惠州中心医院
      ",0,https://www.guahao.com/hospital/986d47d7-c720-11e1-913c-5cf9dd2e7135000,三级甲等,0752-2288288
7,广东英德市教育东路2号,"
        英德市人民医院
      ",0,https://www.guahao.com/hospital/FF0153A8EB112010E0430F01A8C07495000,三级甲等,0763-2222733
8,新县城公园北路,"
        中山大学附属第三医院粤东医院
      ",0,https://www.guahao.com/hospital/cd54bf31-9ee2-4dbc-ab74-eef321442ce7000,三级甲等,0753-2829258
9,广东省肇庆市城中路174号,"
        肇庆市第一人民医院
      ",0,https://www.guahao.com/hospital/98673a2b-c720-11e1-913c-5cf9dd2e7135000,三级甲等,0758-2102100
0,广州省梅州市梅江区黄塘路34号,"
        梅州市人民医院
      ",0,https://www.guahao.com/hospital/9867df27-c720-11e1-913c-5cf9dd2e7135000,三级甲等,0753-2131363
1,揭阳市天福路107号,"
        揭阳市人民医院
      ",0,https://www.guahao.com/hospital/98693d0b-c720-11e1-913c-5cf9dd2e7135000,三级甲等,0663-8619684
2,广东省清远市清城区桥北路10号,"
        清远市中医院
      ",0,https://www.guahao.com/hospital/986b5602-c720-11e1-913c-5cf9dd2e7135000,三级甲等,0763-3332375
3,广东省清远市清城区曙光二路22号,"
        清远市人民医院
      ",0,https://www.guahao.com/hospital/986c130a-c720-11e1-913c-5cf9dd2e7135000,三级甲等,0763-3312032
4,广东省肇庆市端州六路20号,"
        肇庆市中医院
      ",0,https://www.guahao.com/hospital/9a806a66-c720-11e1-913c-5cf9dd2e7135000,三级甲等,0758-2836499
5,惠民南路133号,"
        汕头大学医学院附属粤北医院
      ",0,https://www.guahao.com/hospital/cc9d6597-6ff2-4ef3-9d31-51901eb1e5c2000,三级甲等,8101207
6,阳江市区漠江路373-379号,"
        阳江市中医院
      ",0,https://www.guahao.com/hospital/9867c443-c720-11e1-913c-5cf9dd2e7135000,三级甲等,0662-2261280
7,广东省韶关市东堤南路三号,"
        韶关市第一人民医院
      ",0,https://www.guahao.com/hospital/9867e1c9-c720-11e1-913c-5cf9dd2e7135000,三级甲等,0751-8877120
8,广东省韶关市惠民南路,"
        韶关市粤北人民医院
      ",0,https://www.guahao.com/hospital/986c164b-c720-11e1-913c-5cf9dd2e7135000,三级甲等,0751-8101207
9,广东阳江市江城区江台路42号,"
        阳江市人民医院
      ",0,https://www.guahao.com/hospital/986c31fa-c720-11e1-913c-5cf9dd2e7135000,三级甲等,0662-3218171
0,广州市石井街东秀路143号,"
        广州市民政局精神病院
      ",0,https://www.guahao.com/hospital/9a997a47-c720-11e1-913c-5cf9dd2e7135000,三级乙等,020-86441288，020-86441551...
1,广东省广州市花都区新华街新华路48号,"
        广州市花都区人民医院
      ",0,https://www.guahao.com/hospital/9a99e95f-c720-11e1-913c-5cf9dd2e7135000,三级乙等,020-86838973
2,广州市越秀区麓景路2号,"
        广东省皮肤病医院
      ",0,https://www.guahao.com/hospital/66183261-a0e1-4ea7-ac86-737eda79c80a000,三级医院,020-87257353
3,东风院区:广州市东风东路627号;嘉禾院区:白云区...,"
        广州市第八人民医院
      ",0,https://www.guahao.com/hospital/98673c5e-c720-11e1-913c-5cf9dd2e7135000,三级医院,020-83838688
4,广州市天河区黄埔大道西天强路1号,"
        广州市第十二人民医院
      ",0,https://www.guahao.com/hospital/9867e32e-c720-11e1-913c-5cf9dd2e7135000,三级医院,020-38981288(总机)
5,广东省广州市陵园西路56号,"
        中山大学光华口腔医学院附属口腔医院
      ",0,https://www.guahao.com/hospital/986ca7f3-c720-11e1-913c-5cf9dd2e7135000,三级医院,020-83863002
6,深圳市福田区深南中路3025号,"
        福田医院医技治疗
      ",0,https://www.guahao.com/hospital/f0a9d059-064f-4d69-a4f5-40a71239ce5c000,三级丙等,(0755)83982222
7,深圳市福田区益田路7019号,"
        深圳市儿童医院
      ",0,https://www.guahao.com/hospital/9867e422-c720-11e1-913c-5cf9dd2e7135000,三级丙等,0755-83936101
8,广东省广州市白云区新市新街79号 之一、之二,"
        广东药学院附属第三医院
      ",1356,https://www.guahao.com/hospital/c3f5eb73-f8d1-4305-8270-5d3d77ea9966000,二级医院,4006123292
9,江北三新南路20号,"
        惠州市第一人民医院
      ",0,https://www.guahao.com/hospital/76ce59ab-9199-4dbf-8bb2-9797c4b52522000,三级乙等,0752-2883800
0,广东省江门市蓬江区胜利路161号,"
        江门市第三人民医院
      ",0,https://www.guahao.com/hospital/9a90f878-c720-11e1-913c-5cf9dd2e7135000,三级乙等,0750-3509380
1,宝月路27号,"
        肇庆市端州区妇幼保健院
      ",0,https://www.guahao.com/hospital/619359d5-0741-4598-8a9d-1c5cd306d175000,三级乙等,0758-2227659
2,广东省高要市天宁北路72号,"
        高要市人民医院
      ",0,https://www.guahao.com/hospital/9a806f04-c720-11e1-913c-5cf9dd2e7135000,三级乙等,0758-2233037
3,广东广州增城市荔城街和平路31号,"
        增城市中医院
      ",0,https://www.guahao.com/hospital/ec278cd7-8b44-436b-9da0-b733a41e9835000,二级甲等,020-82610600
4,从城大道566号,"
        南方医科大学第五附属医院
      ",0,https://www.guahao.com/hospital/f41da1c4-a9fe-4dbe-8cb2-9bced7a91376000,二级甲等,(020)87912554
5,新塘镇港口大道312号,"
        广东省水电医院
      ",0,https://www.guahao.com/hospital/f6b2bc65-b7ad-4755-8597-df5b10d11f46000,二级甲等,020-82707579
6,石井街升平前街49号,"
        广州市白云区石井人民医院
      ",0,https://www.guahao.com/hospital/2a9ea834-3838-487a-b22e-0faed2456f67000,二级甲等,020-86418538
7,龙洞东路二横路2号,"
        天河区龙洞人民医院
      ",0,https://www.guahao.com/hospital/79aaf9c8-0349-418f-b977-e1540de10f55000,二级甲等,(020)87028820
8,广东省广州市番禺区石基镇歧山路4号,"
        广州市番禺区石基人民医院
      ",0,https://www.guahao.com/hospital/7ab54a26-4d26-4077-9f0f-016779ba0dbd000,二级甲等,020-84857426
9,珠江北路250号,"
        广州市南沙区中医院
      ",0,https://www.guahao.com/hospital/858c7dfa-7582-4e05-a356-947b3466eed7000,二级甲等,020-84949990
0,广州市越华路50号(越华路总院);广州市中山三路东...,"
        广州市越秀区妇幼保健院
      ",0,https://www.guahao.com/hospital/9866b1cb-c720-11e1-913c-5cf9dd2e7135000,二级甲等,020-83332249
1,广州市荔湾区长寿西路5号,"
        广州荔湾区中医院
      ",0,https://www.guahao.com/hospital/9867388e-c720-11e1-913c-5cf9dd2e7135000,二级甲等,020-81821466
2,海珠区杏园大街15号,"
        广州市海珠区妇幼保健院
      ",0,https://www.guahao.com/hospital/98673919-c720-11e1-913c-5cf9dd2e7135000,二级甲等,020-84449784
3,广东省广州市东山区中山二路1号,"
        中山大学附属第一医院东山院区
      ",0,https://www.guahao.com/hospital/98674e4a-c720-11e1-913c-5cf9dd2e7135000,二级甲等,020-62732233
4,广州市天河区天河北路367号,"
        天河区妇幼保健院
      ",0,https://www.guahao.com/hospital/98675a82-c720-11e1-913c-5cf9dd2e7135000,二级甲等,020-38809144
5,广州市天河区员村黄埔大道中棠石路（天河交警一大队旁...,"
        广州天河区中医院
      ",0,https://www.guahao.com/hospital/9867ca26-c720-11e1-913c-5cf9dd2e7135000,二级甲等,020-85699896
6,佛山市三水区西南广海大道西16号,"
        佛山市三水人民医院
      ",0,https://www.guahao.com/hospital/9867ccba-c720-11e1-913c-5cf9dd2e7135000,三级医院,0757-87813210
7,广东省佛山市卫国路78号,"
        佛山市第二人民医院
      ",0,https://www.guahao.com/hospital/9867eaf3-c720-11e1-913c-5cf9dd2e7135000,三级医院,0757-88032111
8,广州市荔湾区荔湾路35号,"
        广州医学院荔湾医院
      ",0,https://www.guahao.com/hospital/9867ec07-c720-11e1-913c-5cf9dd2e7135000,二级甲等,020-81346935
9,广州市黄埔区长洲街长江路320号,"
        广东省第二工人医院
      ",0,https://www.guahao.com/hospital/9868aad1-c720-11e1-913c-5cf9dd2e7135000,二级甲等,020-82556778
0,广东省佛山市南海区里水镇振兴路45号,"
        南方医科大学南海医院
      ",0,https://www.guahao.com/hospital/98692657-c720-11e1-913c-5cf9dd2e7135000,三级医院,"0757-85110747(北院办公室),0757..."
1,从化市街口街镇北路21号,"
        从化中医院
      ",0,https://www.guahao.com/hospital/98692985-c720-11e1-913c-5cf9dd2e7135000,二级甲等,020-87936262
2,广州市白云区江高镇夏花三路490号,"
        南方医科大学江都医院
      ",0,https://www.guahao.com/hospital/986a8844-c720-11e1-913c-5cf9dd2e7135000,二级甲等,020-62784188
3,广州市机场路1128号,"
        广州市白云区第一人民医院
      ",0,https://www.guahao.com/hospital/986aa81e-c720-11e1-913c-5cf9dd2e7135000,二级甲等,020-86329682
4,广州市黄埔区蟹山路3号,"
        广州市黄埔区中医院
      ",0,https://www.guahao.com/hospital/986aa9fa-c720-11e1-913c-5cf9dd2e7135000,二级甲等,020-82288935
5,广州经济技术开发区友谊路196号,"
        广州经济技术开发区医院
      ",0,https://www.guahao.com/hospital/986ab5f7-c720-11e1-913c-5cf9dd2e7135000,二级甲等,020-82087088
6,花都区新都大道67号,"
        广州市中西医结合医院
      ",0,https://www.guahao.com/hospital/986ab6a5-c720-11e1-913c-5cf9dd2e7135000,二级甲等,020-86888575
7,广州市番禺区市桥清河东路2号,"
        何贤纪念医院
      ",0,https://www.guahao.com/hospital/986b1953-c720-11e1-913c-5cf9dd2e7135000,二级甲等,020-84622450
8,广州市荔湾区西湾路48号(地铁5号线西村站出口),"
        广州市荔湾区第二人民医院
      ",0,https://www.guahao.com/hospital/986b47fe-c720-11e1-913c-5cf9dd2e7135000,二级甲等,020-86471952
9,广州市海珠区新港西路167号,"
        广州新海医院
      ",0,https://www.guahao.com/hospital/986b48b7-c720-11e1-913c-5cf9dd2e7135000,二级甲等,020-84105258
0,广东省广州市番禺区大岗镇兴业路7号,"
        番禺第二人民医院
      ",0,https://www.guahao.com/hospital/986b4970-c720-11e1-913c-5cf9dd2e7135000,二级甲等,020-84784457
1,增城市荔城街健生路1号,"
        增城市妇幼保健院
      ",0,https://www.guahao.com/hospital/986b4ae5-c720-11e1-913c-5cf9dd2e7135000,二级甲等,020-82712299
2,广东省广州市荔湾区汾水金兰路1号,"
        广州市荔湾区妇幼保健院
      ",0,https://www.guahao.com/hospital/9a7432a2-c720-11e1-913c-5cf9dd2e7135000,二级甲等,020-81528822
3,广东省广州市广州大道北505号,"
        广州市白云区人民医院
      ",0,https://www.guahao.com/hospital/9a90d2b7-c720-11e1-913c-5cf9dd2e7135000,二级甲等,020-37236979
4,广东省广州市广州大道南南洲北路28号,"
        广州紫荆医院
      ",0,https://www.guahao.com/hospital/9a9801df-c720-11e1-913c-5cf9dd2e7135000,二级甲等,020-84208880
5,广州市天河区禺东西路22号,"
        广东省军区专科医院
      ",0,https://www.guahao.com/hospital/9a98878f-c720-11e1-913c-5cf9dd2e7135000,二级甲等,020-87791953
6,广东省广州市海珠区沙园缘觉路7号,"
        广州市海珠区第二人民医院
      ",0,https://www.guahao.com/hospital/9a98ff94-c720-11e1-913c-5cf9dd2e7135000,二级甲等,020-84366960
7,广东省广州市黄埔区港湾路621号,"
        广州港湾医院
      ",0,https://www.guahao.com/hospital/9a9907bf-c720-11e1-913c-5cf9dd2e7135000,二级甲等,020-82153120
8,广州市新港西路114号,"
        广东省荣誉军人康复医院
      ",0,https://www.guahao.com/hospital/9a997639-c720-11e1-913c-5cf9dd2e7135000,二级甲等,020-84447600
9,广州总院：广州市白云区尖彭路白云大道北地铁站A2出...,"
        广东省工伤康复中心
      ",0,https://www.guahao.com/hospital/9a99ad14-c720-11e1-913c-5cf9dd2e7135000,二级甲等,020-66600006
0,广东增城市光明东路1号,"
        增城市人民医院
      ",0,https://www.guahao.com/hospital/9a99f3a7-c720-11e1-913c-5cf9dd2e7135000,二级甲等,020-82752272
1,广东省广州市新塘镇水松路10号,"
        增城市新塘医院
      ",0,https://www.guahao.com/hospital/9a9a0055-c720-11e1-913c-5cf9dd2e7135000,二级甲等,020-82767462
2,广东省广州市番禺区大石镇东联坊,"
        广东武警总队医院番禺分院
      ",0,https://www.guahao.com/hospital/9a9ae4b1-c720-11e1-913c-5cf9dd2e7135000,二级甲等,020-84787253
3,八卦四路22号,"
        深圳流花医院第二门诊部
      ",0,https://www.guahao.com/hospital/29343746-0e15-4081-8b6e-16f09e0b44d2000,二级甲等,0755-82424812
4,沙井街道办沙井大街3号,"
        深圳沙井人民医院
      ",0,https://www.guahao.com/hospital/2b409cc3-629c-4e2e-9d8c-767f54fdbf4a000,二级甲等,(0755)27201982
5,汕头市外马路28号,"
        汕头市第二人民医院
      ",0,https://www.guahao.com/hospital/98673b46-c720-11e1-913c-5cf9dd2e7135000,三级医院,"0754-88412800(院办公室),0754-..."
6,广东省珠海市拱北粤华路208号,"
        珠海市第二人民医院
      ",0,https://www.guahao.com/hospital/98673d84-c720-11e1-913c-5cf9dd2e7135000,三级医院,"0756-8136023,0756-8885463"
7,汕头市金园区长平路14号,"
        汕头市皮肤性病防治院
      ",0,https://www.guahao.com/hospital/98674b02-c720-11e1-913c-5cf9dd2e7135000,三级医院,0754-88539406
8,汕头市宕石海旁路12号,"
        汕头市第三人民医院
      ",0,https://www.guahao.com/hospital/9867b37b-c720-11e1-913c-5cf9dd2e7135000,三级医院,0754-87490166
9,广东省汕头市饶平路7号,"
        汕头大学医学院附属肿瘤医院
      ",0,https://www.guahao.com/hospital/986ac5d8-c720-11e1-913c-5cf9dd2e7135000,三级医院,0754-88555844
0,广东省河源市公园东路31号,"
        河源市人民医院
      ",0,https://www.guahao.com/hospital/9a80aa62-c720-11e1-913c-5cf9dd2e7135000,三级乙等,0762-3185888
1,广东省深圳市罗湖区布心路2021号,"
        深圳市慢性病防治中心
      ",0,https://www.guahao.com/hospital/9a912606-c720-11e1-913c-5cf9dd2e7135000,二级甲等,0755-25617222
2,广东省深圳市公明镇白公路公明段339号,"
        深圳市公明人民医院
      ",0,https://www.guahao.com/hospital/9a912f7e-c720-11e1-913c-5cf9dd2e7135000,二级甲等,0755-27166030
3,广东省深圳市罗湖区春风路2069号,"
        深圳流花医院
      ",0,https://www.guahao.com/hospital/9a98649e-c720-11e1-913c-5cf9dd2e7135000,二级甲等,0755-82479120
4,罗湖区金湖路8号,"
        深圳武警医院
      ",0,https://www.guahao.com/hospital/9a9a3d91-c720-11e1-913c-5cf9dd2e7135000,二级甲等,0755-82699717
5,深圳市龙岗区布吉街吉华路219号,"
        武警广东边防部队布吉分院
      ",0,https://www.guahao.com/hospital/9a9a8b3b-c720-11e1-913c-5cf9dd2e7135000,二级甲等,0755-28287799
6,广东省深圳市宝安区龙华建设东路2号,"
        深圳市龙华人民医院
      ",0,https://www.guahao.com/hospital/9a9cc7e7-c720-11e1-913c-5cf9dd2e7135000,二级甲等,0755-27741585
7,惠州市下角菱湖三路一号（君豪大酒店对面）,"
        惠州市中医医院
      ",0,https://www.guahao.com/hospital/986b02c6-c720-11e1-913c-5cf9dd2e7135000,三级医院,0752-2189805
8,广东省江门市蓬莱路高第里172号,"
        江门市人民医院
      ",0,https://www.guahao.com/hospital/986d4587-c720-11e1-913c-5cf9dd2e7135000,三级医院,"0750-3333237,0750-3333511"
9,广东省广州市白云区机场路292号,"
        广州南洋肿瘤医院
      ",0,https://www.guahao.com/hospital/9a9978ea-c720-11e1-913c-5cf9dd2e7135000,二级乙等,020-28220372
0,深圳市龙岗区中心城十六区黄阁路,"
        深圳市龙岗区慢性病防治院
      ",0,https://www.guahao.com/hospital/5cf7057a-6bc6-4671-97ce-2a351181d95f000,二级乙等,0755-28924139
1,深圳市福田区南园松岭路2号（深圳市煤气公司对面）,"
        深圳市第四人民医院肛肠分院
      ",0,https://www.guahao.com/hospital/9a803908-c720-11e1-913c-5cf9dd2e7135000,二级乙等,0755-83636999
2,广东省东莞市东莞市厚街镇河田大道,"
        东莞市厚街医院
      ",0,https://www.guahao.com/hospital/e5c9ec92-9f43-4061-9328-980bcf656085000,二级甲等,0769-81525800
3,凤岗镇凤平路13号,"
        东莞市凤岗医院
      ",0,https://www.guahao.com/hospital/f0b75570-0157-43da-8f88-6ef009224777000,二级甲等,0769-82192333
4,大良街道环市南路2号,"
        佛山市顺德区大良医院
      ",0,https://www.guahao.com/hospital/196c7637-2b1a-4f91-ac8a-fa7db887cee0000,二级甲等,0757-22913696
5,均安镇百安路7号均安医院,"
        佛山市顺德区均安医院
      ",0,https://www.guahao.com/hospital/405b40ce-9606-439d-8887-6b634158b252000,二级甲等,0757-25382229
6,广州市白云区机场路290号,"
        民航广州医院
      ",0,https://www.guahao.com/hospital/41113fed-2c6b-4d11-bd5b-c306bff6064c000,二级医院,020-38800696
7,文华路387号,"
        高明区中医院
      ",0,https://www.guahao.com/hospital/5b085163-8875-487f-91b1-de16bb8a6a1f000,二级甲等,0757-88828739
8,黄阁镇麒龙东路131号,"
        广州市南沙区黄阁镇黄阁医院
      ",0,https://www.guahao.com/hospital/72e4ac1a-7ffb-40fc-9113-145b0e40ee4d000,二级医院,020-34973632
9,人和镇鹤龙七路2号,"
        广州市白云区中医医院
      ",0,https://www.guahao.com/hospital/7a9a53e8-fc26-4370-878f-c037b6f60afe000,二级医院,020-61179387
0,高埗镇创兴中路2号,"
        东莞市高埗医院
      ",0,https://www.guahao.com/hospital/800014e3-e267-4a67-b924-f14b26f2d07d000,二级甲等,0769-88871316
1,文明路1号,"
        佛山市高明区人民医院
      ",0,https://www.guahao.com/hospital/907b9918-a583-452b-acc1-0193b768b03a000,二级甲等,0757-88822431
2,钟边路63号,"
        南海区第五人民医院
      ",0,https://www.guahao.com/hospital/95a3906b-4d63-4dd2-ac7f-949ce59bee12000,二级甲等,(0757)85556476
3,广东省佛山市顺德区龙江镇文华路,"
        顺德龙江医院
      ",0,https://www.guahao.com/hospital/9866b4a9-c720-11e1-913c-5cf9dd2e7135000,二级甲等,0757-23881914
4,广州市越秀区东风中路449号,"
        广州市正骨医院
      ",0,https://www.guahao.com/hospital/986739a2-c720-11e1-913c-5cf9dd2e7135000,二级医院,"020-61251915(咨询),020-6125..."
5,佛山市禅城区金澜南路102号,"
        佛山市第三人民医院
      ",0,https://www.guahao.com/hospital/98673bd1-c720-11e1-913c-5cf9dd2e7135000,二级甲等,0757-83312239
6,佛山市禅城区金澜南路106号,"
        佛山市肿瘤医院
      ",0,https://www.guahao.com/hospital/98674b78-c720-11e1-913c-5cf9dd2e7135000,二级甲等,0757-83105778
7,佛山市南海区狮山镇松岗工业大道南园丁村对面(桃园中...,"
        南海经济开发区人民医院
      ",0,https://www.guahao.com/hospital/98675c40-c720-11e1-913c-5cf9dd2e7135000,二级甲等,0757-85221477
8,佛山市河滨路5号,"
        佛山市口腔医院
      ",0,https://www.guahao.com/hospital/98675e03-c720-11e1-913c-5cf9dd2e7135000,二级甲等,0757-82818149
9,广东省佛山市南海区西樵镇,"
        佛山市第五人民医院
      ",0,https://www.guahao.com/hospital/9867cc32-c720-11e1-913c-5cf9dd2e7135000,二级甲等,0757-86890205
0,东莞市塘厦镇环市西路35号,"
        东莞市塘厦人民医院
      ",0,https://www.guahao.com/hospital/986906c5-c720-11e1-913c-5cf9dd2e7135000,二级甲等,0769-87728333
1,东莞市横沥镇天桥路205号,"
        东莞市横沥医院
      ",0,https://www.guahao.com/hospital/98691379-c720-11e1-913c-5cf9dd2e7135000,二级甲等,0769-83373755
2,东莞市石碣镇崇焕西路,"
        东莞市石碣医院
      ",0,https://www.guahao.com/hospital/986914bb-c720-11e1-913c-5cf9dd2e7135000,二级甲等,0769-86631092
3,东莞市企石镇宝华路115号,"
        东莞市企石医院
      ",0,https://www.guahao.com/hospital/98692764-c720-11e1-913c-5cf9dd2e7135000,二级甲等,0769-86661371
4,东莞市中堂镇中麻公路东向路段,"
        东莞市中堂医院
      ",0,https://www.guahao.com/hospital/98693e66-c720-11e1-913c-5cf9dd2e7135000,二级甲等,0769-88123217 　
5,广东省佛山市顺德区大良区蓬莱路1号,"
        南方医科大学顺德医院
      ",0,https://www.guahao.com/hospital/9869b522-c720-11e1-913c-5cf9dd2e7135000,二级甲等,0757-22318000
6,佛山市南海区平洲夏东路,"
        佛山市南海区第二人民医院
      ",0,https://www.guahao.com/hospital/9869b6f3-c720-11e1-913c-5cf9dd2e7135000,二级甲等,0757-88386000
7,东莞市桥头镇工业路43号,"
        东莞桥头医院
      ",0,https://www.guahao.com/hospital/9869b8cc-c720-11e1-913c-5cf9dd2e7135000,二级甲等,0769-83341363
8,佛山市顺德区大良金沙大道,"
        顺德中医院
      ",0,https://www.guahao.com/hospital/9869d8dc-c720-11e1-913c-5cf9dd2e7135000,二级甲等,0757-22322343
9,东莞市石龙镇西湖三路（南）68号博爱园,"
        东莞石龙博爱医院
      ",0,https://www.guahao.com/hospital/9869e072-c720-11e1-913c-5cf9dd2e7135000,二级甲等,0769-86118320
0,东莞市城区莞太大道78号,"
        莞城人民医院
      ",0,https://www.guahao.com/hospital/986a3051-c720-11e1-913c-5cf9dd2e7135000,二级甲等,0769-22110225
1,东莞市常平镇板石路82号,"
        东莞市常平医院
      ",0,https://www.guahao.com/hospital/986a8c33-c720-11e1-913c-5cf9dd2e7135000,二级甲等,0769-83912333
2,东莞市寮步镇寮城西路107号,"
        东莞市寮步医院
      ",0,https://www.guahao.com/hospital/986a90f8-c720-11e1-913c-5cf9dd2e7135000,二级甲等,0769-83325111
3,广州市大南路130号,"
        广州市越秀区儿童医院
      ",0,https://www.guahao.com/hospital/986ab3b3-c720-11e1-913c-5cf9dd2e7135000,二级医院,"020-83335376,020-83327917"
4,广州越秀区海珠中路83号,"
        越秀区中医院
      ",0,https://www.guahao.com/hospital/986ab808-c720-11e1-913c-5cf9dd2e7135000,二级医院,020-81885346
5,广州市江同路4号,"
        白云区第二人民医院
      ",0,https://www.guahao.com/hospital/986ad032-c720-11e1-913c-5cf9dd2e7135000,二级医院,020-86602403
6,广州市海珠区南华东路636号,"
        广州市海珠区中医院
      ",0,https://www.guahao.com/hospital/986b4476-c720-11e1-913c-5cf9dd2e7135000,二级医院,020-84447992
7,佛山市顺德区乐从镇乐从大道中路A163号,"
        佛山市顺德区乐从医院
      ",0,https://www.guahao.com/hospital/986b4691-c720-11e1-913c-5cf9dd2e7135000,二级甲等,0757-28857876
8,东莞市虎门镇则徐路145号,"
        东莞市虎门医院
      ",0,https://www.guahao.com/hospital/986b4746-c720-11e1-913c-5cf9dd2e7135000,二级甲等,0769-85516505
9,广东省佛山市顺德区大良保健路3号,"
        佛山市顺德区妇幼保健院
      ",0,https://www.guahao.com/hospital/986bb64e-c720-11e1-913c-5cf9dd2e7135000,二级甲等,0757-22636983
0,盐步跃进路2号,"
        佛山南海区第七人民医院
      ",0,https://www.guahao.com/hospital/9a018e40-2297-47c6-9e03-8562bcdc4525000,二级甲等,0757-85775476
1,广东省佛山市顺德区北滘镇新城区东一路2号,"
        南方医科大学北滘医院
      ",0,https://www.guahao.com/hospital/9a80508a-c720-11e1-913c-5cf9dd2e7135000,二级甲等,0757-26656485
2,广东省东莞市东城西路216号,"
        东莞市慢性病防治院
      ",0,https://www.guahao.com/hospital/9a80d8cd-c720-11e1-913c-5cf9dd2e7135000,二级甲等,0769-38928333
3,广东省东莞市长安镇长青街西路,"
        东莞市长安医院
      ",0,https://www.guahao.com/hospital/9a80dda8-c720-11e1-913c-5cf9dd2e7135000,二级甲等,0769-85531104
4,广东省东莞市石排镇石排大道中198号,"
        东莞市石排医院
      ",0,https://www.guahao.com/hospital/9a80ef62-c720-11e1-913c-5cf9dd2e7135000,二级甲等,0769-86556233
5,竹料大街119,"
        广州市白云区第三人民医院
      ",0,https://www.guahao.com/hospital/c5985401-db84-42b7-82bf-788541b3ef10000,二级医院,020-87480522
6,平沙二路87号,"
        珠海市平沙医院
      ",0,https://www.guahao.com/hospital/ebac337e-9780-4a54-a66f-ed922a85d5f7000,二级甲等,0756-2267186
7,兰埔路178号,"
        珠海市香洲区人民医院
      ",0,https://www.guahao.com/hospital/0d876a32-e77d-450b-a354-3f60c9cc29af000,二级甲等,0756-8656755
8,珠峰大道1439号,"
        遵义医学院附属第五医院
      ",0,https://www.guahao.com/hospital/2a5e5b35-249b-4081-9e5d-ad36e6d535d5000,二级甲等,0852-8733777
9,古镇东兴中路15号,"
        中山市古镇人民医院
      ",0,https://www.guahao.com/hospital/6b172502-7d98-4d0c-959b-d15a1b16c6d7000,二级甲等,0760-22344416
0,龙安街32号,"
        中山市黄圃人民医院
      ",0,https://www.guahao.com/hospital/7329c8e1-990c-4186-b77e-7f2a5e5280c0000,二级甲等,0760-3216247
1,小榄镇竹源公路18号,"
        中山市陈星海医院
      ",0,https://www.guahao.com/hospital/8a6570b2-3fe4-47bb-bbdf-9255892b4a39000,二级甲等,0760-22287808
2,汕头市金湖路50号,"
        汕头市第四人民医院
      ",0,https://www.guahao.com/hospital/98674a18-c720-11e1-913c-5cf9dd2e7135000,二级甲等,0754-88201786
3,广东省汕头市中平街15号,"
        汕头市妇女儿童医院
      ",0,https://www.guahao.com/hospital/98674d55-c720-11e1-913c-5cf9dd2e7135000,二级甲等,0754-88547272
4,中山市沿江路41号,"
        中山市东凤医院
      ",0,https://www.guahao.com/hospital/98695520-c720-11e1-913c-5cf9dd2e7135000,二级甲等,0760-226115768
5,中山市火炬开发区南祥路6号,"
        中山市火炬开发区医院
      ",0,https://www.guahao.com/hospital/9869565e-c720-11e1-913c-5cf9dd2e7135000,二级甲等,0760-85596035
6,汕头市新兴路11号,"
        汕头市中医院
      ",0,https://www.guahao.com/hospital/986a4c2c-c720-11e1-913c-5cf9dd2e7135000,二级甲等,0754-88459262
7,中山市小榄菊城大道中段65号,"
        中山市小榄人民医院
      ",0,https://www.guahao.com/hospital/986adf96-c720-11e1-913c-5cf9dd2e7135000,二级甲等,0760-88662120
8,广东省云浮市建设北路100号,"
        云浮市人民医院
      ",0,https://www.guahao.com/hospital/9a80c9c2-c720-11e1-913c-5cf9dd2e7135000,三级丙等,0766-8822461
9,广东省汕头市龙湖区榕江路18号,"
        龙湖区人民医院
      ",0,https://www.guahao.com/hospital/9a9a8501-c720-11e1-913c-5cf9dd2e7135000,二级甲等,0754-88163355
0,花东镇,"
        花东镇中心卫生院
      ",0,https://www.guahao.com/hospital/e3f1f715-0c3c-456e-83e1-daa285164df8000,一级甲等,020-86776120
1,东圃大马路13号,"
        广州市天河区人民医院
      ",0,https://www.guahao.com/hospital/e71451af-58f7-4dec-86e3-cda0adfa39d2000,一级甲等,020-82308194
2,五羊新城寺右新马路南二街5号,"
        广州愈生中医院
      ",0,https://www.guahao.com/hospital/f1c75eaa-858a-4606-82c7-8cc2218d0da4000,一级甲等,020-87361919
3,太和中路53号,"
        广州市白云区太和镇医院
      ",0,https://www.guahao.com/hospital/f43b590c-f2ea-4d02-ae23-41766f261272000,一级甲等,020-87429013
4,友谊路8号,"
        湛江市第四人民医院
      ",0,https://www.guahao.com/hospital/03429338-3d78-4a3d-876c-86392e8af6c8000,二级甲等,0759-2250364
5,五山华南农业大学内,"
        华南农业大学医院
      ",0,https://www.guahao.com/hospital/0453db70-f3ea-4028-8e71-5cc1d2394127000,一级甲等,020-85283461
6,淡水土湖金惠大道康和路3号（区政府旁）,"
        惠阳三和医院
      ",0,https://www.guahao.com/hospital/04db42d8-f204-4ec1-bfa6-881bb071bd04000,二级甲等,0752—3800100
7,广东省惠州市博罗县罗阳镇桥西六路16号,"
        博罗县人民医院
      ",0,https://www.guahao.com/hospital/134a085c-349f-4bcd-9f3f-db3d33ed2340000,二级甲等,0752-6299106
8,湛江遂城镇湛川路53号,"
        遂溪县中医院
      ",0,https://www.guahao.com/hospital/3868c2a4-82fe-4d5d-a732-847b605fefb5000,二级甲等,0759-7762461
9,广东省吴川市解放北路14号,"
        吴川市人民医院
      ",0,https://www.guahao.com/hospital/4088fb51-206d-41e7-94ad-ca74cc610694000,二级甲等,0759-5589080
0,河西区教育路12号,"
        化州市人民医院
      ",0,https://www.guahao.com/hospital/43035060-d816-45f9-9864-641e6ab51046000,二级甲等,0668-7222727
1,鸡咀山路1389号,"
        中国海洋石油南海西部医院
      ",0,https://www.guahao.com/hospital/4b2be215-c58e-411d-afe0-cf1652d79adc000,二级甲等,0759-3954120
2,广东省湛江市遂溪县遂城镇中山路156号,"
        遂溪县人民医院
      ",0,https://www.guahao.com/hospital/6a5d0e15-6b2a-4edb-8921-fe8be4bfb9f8000,二级甲等,0759-7762231
3,健康路28号,"
        徐闻县人民医院
      ",0,https://www.guahao.com/hospital/92f27efe-a8b6-43fd-96ef-532d8cce681c000,二级甲等,0759-4858051
4,广东省江门市开平区长沙三江开发区A7号,"
        开平市中心医院
      ",0,https://www.guahao.com/hospital/9866a5df-c720-11e1-913c-5cf9dd2e7135000,二级甲等,0750-2371958
5,广东省江门市永利街4号,"
        江门市妇幼保健院
      ",0,https://www.guahao.com/hospital/98673cf0-c720-11e1-913c-5cf9dd2e7135000,二级甲等,0750-7361110
6,江门市龙湾东路40号,"
        江门市残联康复医院
      ",0,https://www.guahao.com/hospital/98674c64-c720-11e1-913c-5cf9dd2e7135000,二级甲等,0750-3502783
7,茂名市茂南区人民南路192号,"
        茂名市妇幼保健院
      ",0,https://www.guahao.com/hospital/9867572a-c720-11e1-913c-5cf9dd2e7135000,二级甲等,0668-2820377
8,惠州市桥东区学背街1号,"
        惠州市第三人民医院
      ",0,https://www.guahao.com/hospital/98675842-c720-11e1-913c-5cf9dd2e7135000,二级甲等,0752-2250422
9,本部:惠州市南坛东路24号;江北分院:江北24小区...,"
        惠州市妇女儿童医院
      ",0,https://www.guahao.com/hospital/98675baa-c720-11e1-913c-5cf9dd2e7135000,二级甲等,0752-2180400
0,广东省惠州市下埔南三街9号,"
        惠州市口腔医院
      ",0,https://www.guahao.com/hospital/98679b09-c720-11e1-913c-5cf9dd2e7135000,二级甲等,0752-2118118
1,广东省茂名市幸福路滨河一街7号(河西三角圩集贸市场...,"
        茂名石化医院
      ",0,https://www.guahao.com/hospital/9867cbaf-c720-11e1-913c-5cf9dd2e7135000,二级甲等,0668-2233120
2,惠州市惠阳区淡水镇长安南路,"
        惠州市惠阳区人民医院
      ",0,https://www.guahao.com/hospital/98690e0d-c720-11e1-913c-5cf9dd2e7135000,二级甲等,0752-3385263
3,信宜市竹园路1号,"
        信宜市中医院
      ",0,https://www.guahao.com/hospital/98691a92-c720-11e1-913c-5cf9dd2e7135000,二级甲等,029-84812813
4,广东惠东县城解放中路240号,"
        惠东县中医院
      ",0,https://www.guahao.com/hospital/98693a55-c720-11e1-913c-5cf9dd2e7135000,二级甲等,0752-8928966
5,广东省高州市茂名大道32号,"
        高州市中医院
      ",0,https://www.guahao.com/hospital/98693afe-c720-11e1-913c-5cf9dd2e7135000,二级甲等,0668-6199888
6,广东省廉江市人民大道中30号,"
        廉江市人民医院
      ",0,https://www.guahao.com/hospital/986955c0-c720-11e1-913c-5cf9dd2e7135000,二级甲等,0759-6623129
7,鹤山市沙坪镇人民路39号,"
        鹤山市人民医院
      ",0,https://www.guahao.com/hospital/98699639-c720-11e1-913c-5cf9dd2e7135000,二级甲等,0750-8830571
8,惠东县平山街道办事处东湖二路34号,"
        惠东县人民医院
      ",0,https://www.guahao.com/hospital/9869e270-c720-11e1-913c-5cf9dd2e7135000,二级甲等,0752-8999922
9,江门市新会区会城龙山路28号,"
        新会人民医院
      ",0,https://www.guahao.com/hospital/986a7964-c720-11e1-913c-5cf9dd2e7135000,二级甲等,0750-6183000
0,台山市台城镇环北大道80号,"
        台山市人民医院
      ",0,https://www.guahao.com/hospital/986a9fdc-c720-11e1-913c-5cf9dd2e7135000,二级甲等,0750-5552013
1,江门市天福路6号,"
        江门市第二人民医院
      ",0,https://www.guahao.com/hospital/986aa224-c720-11e1-913c-5cf9dd2e7135000,二级甲等,0750-3920303
2,广东省高州市西关路89号,"
        高州市人民医院
      ",0,https://www.guahao.com/hospital/986aa2b8-c720-11e1-913c-5cf9dd2e7135000,二级甲等,0668-6664924
3,台山市台城镇环北大道74号,"
        台山市妇幼保健院
      ",0,https://www.guahao.com/hospital/986aa34e-c720-11e1-913c-5cf9dd2e7135000,二级甲等,0750-5523673
4,台山市台城镇沙岗湖路100号,"
        台山市中医院
      ",0,https://www.guahao.com/hospital/986aa3e5-c720-11e1-913c-5cf9dd2e7135000,二级甲等,0750-5551825
5,广州市东大门黄埔区南岗镇,"
        广州市黄埔区红十字会医院
      ",0,https://www.guahao.com/hospital/986ace3f-c720-11e1-913c-5cf9dd2e7135000,一级甲等,020-82248815(总机)
6,湛江市霞山区民有路12号,"
        湛江市第二人民医院
      ",0,https://www.guahao.com/hospital/986ba717-c720-11e1-913c-5cf9dd2e7135000,二级甲等,0759-2372000
7,育德山庄建德街20号,"
        江门市红十字会医院
      ",0,https://www.guahao.com/hospital/990beebd-8351-460a-a7f3-c54f1c2b82b2000,二级甲等,0750-3911162
8,瓦房店市西郊委北庙17号,"
        新会市中医院
      ",0,https://www.guahao.com/hospital/9a73d03a-c720-11e1-913c-5cf9dd2e7135000,二级甲等,0750-6667716
9,广东省惠州市五四路14号（步行街内花都电影院斜对面...,"
        惠阳市妇幼保健院
      ",0,https://www.guahao.com/hospital/9a73d378-c720-11e1-913c-5cf9dd2e7135000,二级甲等,0752-2240022
0,广东省江门市鹤山市沙坪镇人民路24号,"
        鹤山市中医院
      ",0,https://www.guahao.com/hospital/9a90fc45-c720-11e1-913c-5cf9dd2e7135000,二级甲等,0750-8860108
1,广东省江门开平市新昌大兴街18号,"
        开平市中医院
      ",0,https://www.guahao.com/hospital/9a91029b-c720-11e1-913c-5cf9dd2e7135000,二级甲等,0750-2212441
2,广东省广州市天河区北街大岗二巷96号,"
        广州家家乐康复医院
      ",0,https://www.guahao.com/hospital/9a987ed1-c720-11e1-913c-5cf9dd2e7135000,一级甲等,"020-82306080,020-82306081"
3,广东省广州市海珠区工业大道中316号,"
        广州市海珠区红十字会医院
      ",0,https://www.guahao.com/hospital/9a991c6a-c720-11e1-913c-5cf9dd2e7135000,一级甲等,020-34039173
4,广东省高州市高新路,"
        茂名市农垦医院
      ",0,https://www.guahao.com/hospital/9a9d4d1d-c720-11e1-913c-5cf9dd2e7135000,二级甲等,0668-6606666
5,湛江市赤坎区中华路1号,"
        湛江市妇幼保健院
      ",0,https://www.guahao.com/hospital/b913763e-4376-435b-82b9-06c29ed51e20000,二级甲等,0759-3338128
6,上排路3号,"
        电白县人民医院
      ",0,https://www.guahao.com/hospital/b9479651-d869-483b-93c1-abcf29f8b8b8000,二级甲等,0668-5522548
7,西园路(近增城二小),"
        广州市增城区荔城医院
      ",0,https://www.guahao.com/hospital/bb6fcea8-bf73-4b1c-ac3e-1bbe3e9e014c000,一级甲等,020-82752990
8,深圳市大鹏新区大鹏街道鹏新东路149号,"
        深圳市大鹏新区妇幼保健院
      ",0,https://www.guahao.com/hospital/d19dd786-fa5b-463f-b343-de179caea829000,一级甲等,0755-84305909
9,石角镇解放路175号,"
        佛冈县中医院
      ",0,https://www.guahao.com/hospital/f2ced4ce-3a03-4045-ab2b-e8c61f18cb05000,二级甲等,(0763)4283471
0,深圳市龙岗区南湾街道沙平北路112号,"
        深圳市龙岗区第七人民医院
      ",0,https://www.guahao.com/hospital/fcf02c48-9f45-4319-83f4-8a3a7cf24fd8000,一级甲等,0755-28740606
1,深圳市龙岗区南湾街道南岭村社区南康路2号,"
        深圳市龙岗区第四人民医院
      ",0,https://www.guahao.com/hospital/34b8b1eb-ca0a-4cab-9100-b938d8da85c9000,一级甲等,0755-28700099-3111
2,东山区淡浦路,"
        揭阳市慈云医院
      ",0,https://www.guahao.com/hospital/3ff182b2-7ad0-4fe2-98a2-13b502a10cfb000,二级甲等,0663-8737933
3,其他前进路3号,"
        四会市人民医院
      ",0,https://www.guahao.com/hospital/4c209e83-fdfd-43e7-a52e-97eceb9ae61c000,二级甲等,(0758)3376106
4,广东省汕头市豪江区,"
        濠江区人民医院
      ",0,https://www.guahao.com/hospital/6c9b7cfb-d64f-452c-96ff-3be9a3a6939b000,二级乙等,0754-87383015
5,梅州市梅江区梅松路17号,"
        梅州市中医医院
      ",0,https://www.guahao.com/hospital/7a54e08f-6af8-41b3-9f87-771001d88314000,二级甲等,0753-2354273
6,文塔路206号,"
        阳山县人民医院
      ",0,https://www.guahao.com/hospital/80e3291d-4f43-42c9-b7b6-85dbf262cc1b000,二级甲等,0763-7884259
7,黄塘路146号嘉应学院医学院,"
        嘉应学院医学院附属医院
      ",0,https://www.guahao.com/hospital/899b3978-9bba-42c8-bcdd-c3b670f25f7f000,二级甲等,0753-2130860
8,深圳市盐田区大梅沙望翠路,"
        深圳市盐田区梅沙医院
      ",0,https://www.guahao.com/hospital/8c94cc31-3336-42db-85af-6c48c66d4613000,一级甲等,25259893
9,广东省梅州市梅城大浪口路,"
        梅州市第三人民医院
      ",0,https://www.guahao.com/hospital/986759f0-c720-11e1-913c-5cf9dd2e7135000,二级甲等,0753-2172340
0,肇庆市端州区建设二路2号,"
        肇庆市第二人民医院
      ",0,https://www.guahao.com/hospital/9867a33c-c720-11e1-913c-5cf9dd2e7135000,二级甲等,0758-2733333
1,广东省普宁市流沙大道30号,"
        普宁市人民医院
      ",0,https://www.guahao.com/hospital/986939af-c720-11e1-913c-5cf9dd2e7135000,二级甲等,0663-2839399
2,广东省揭阳市普宁市流沙镇玉华路,"
        普宁华侨医院
      ",0,https://www.guahao.com/hospital/98693f15-c720-11e1-913c-5cf9dd2e7135000,二级甲等,0663-2221984
3,五华县水寨镇华兴北路53号,"
        五华县人民医院
      ",0,https://www.guahao.com/hospital/98693fc2-c720-11e1-913c-5cf9dd2e7135000,二级甲等,0753-4336853
4,肇庆市端州区站北路8号,"
        肇庆市第四人民医院
      ",0,https://www.guahao.com/hospital/986958f7-c720-11e1-913c-5cf9dd2e7135000,二级甲等,0758-2899211
5,广东省蕉岭县环东路1号,"
        蕉岭县人民医院
      ",0,https://www.guahao.com/hospital/98699461-c720-11e1-913c-5cf9dd2e7135000,二级甲等,0753-7873529
6,怀集县红旗路139号,"
        怀集县人民医院
      ",0,https://www.guahao.com/hospital/986ada72-c720-11e1-913c-5cf9dd2e7135000,二级甲等,0758-5522204
7,梅州市梅松路三坑口,"
        梅县人民医院
      ",0,https://www.guahao.com/hospital/986b4529-c720-11e1-913c-5cf9dd2e7135000,二级甲等,0753-2518120
8,广东省深圳市龙岗区横岗镇六联路1号,"
        深圳六联医院
      ",0,https://www.guahao.com/hospital/9a803c82-c720-11e1-913c-5cf9dd2e7135000,一级甲等,0755-33823971
9,广东省肇庆市广宁县人民路18号,"
        广宁县人民医院
      ",0,https://www.guahao.com/hospital/9a8073da-c720-11e1-913c-5cf9dd2e7135000,二级甲等,0758-8662715
0,广东省肇庆市德庆县朝阳西路50号,"
        德庆县人民医院
      ",0,https://www.guahao.com/hospital/9a807519-c720-11e1-913c-5cf9dd2e7135000,二级甲等,0758-7763061
1,广东省揭阳市东山区建阳路(与新河路交界处),"
        揭阳市妇幼保健院
      ",0,https://www.guahao.com/hospital/9a81190e-c720-11e1-913c-5cf9dd2e7135000,二级甲等,0663-8211861
2,广东省深圳市龙华镇龙关东路与东环二路交汇处,"
        武警广东边防龙华医院
      ",0,https://www.guahao.com/hospital/9a813284-c720-11e1-913c-5cf9dd2e7135000,一级甲等,"0755-27743333,0755-277410..."
3,广东省梅州市兴宁市官汕西路48号,"
        兴宁市人民医院
      ",0,https://www.guahao.com/hospital/9a90f04d-c720-11e1-913c-5cf9dd2e7135000,二级甲等,0753-3363015
4,广东省梅州市五华县水寨镇华兴南路183号,"
        五华县中医医院
      ",0,https://www.guahao.com/hospital/9a90f1d5-c720-11e1-913c-5cf9dd2e7135000,二级甲等,0753-4456120
5,广东省梅州市大埔县同仁路257号,"
        大埔县人民医院
      ",0,https://www.guahao.com/hospital/9a90f3d2-c720-11e1-913c-5cf9dd2e7135000,二级甲等,0753-5527090
6,广东省深圳市龙岗区布吉镇南岭村,"
        深圳市南岭医院
      ",0,https://www.guahao.com/hospital/9a912ab3-c720-11e1-913c-5cf9dd2e7135000,一级甲等,0755-28700099
7,广东省深圳市盐田区东海大道363号,"
        深圳市盐田区第二人民医院
      ",0,https://www.guahao.com/hospital/9a91492b-c720-11e1-913c-5cf9dd2e7135000,一级甲等,0755-25201554
8,广东省梅州市平远县城康复路34号,"
        平远县人民医院
      ",0,https://www.guahao.com/hospital/9a94f464-c720-11e1-913c-5cf9dd2e7135000,二级甲等,0753-8894855
9,广东省深圳坂田雪岗南路118号（原布澜路、雪象小学...,"
        深圳雪象医院
      ",0,https://www.guahao.com/hospital/9a9a245f-c720-11e1-913c-5cf9dd2e7135000,一级甲等,0755-61260701
0,广东省肇庆市城北路69号,"
        端州区人民医院
      ",0,https://www.guahao.com/hospital/9a9d0ec2-c720-11e1-913c-5cf9dd2e7135000,二级甲等,0758-2233280
1,广东省清远市清城区连江路,"
        清远市妇幼保健院
      ",0,https://www.guahao.com/hospital/9a9d2c3c-c720-11e1-913c-5cf9dd2e7135000,二级甲等,0763-3363616
2,深圳市罗湖区金湖路11号,"
        深圳市罗湖区慢性病防治院
      ",0,https://www.guahao.com/hospital/ac1304e0-1d0d-40e9-8b69-b11edcb4a84c000,一级甲等,25843855
3,广东省深圳市南山区沙河街16号,"
        深圳沙河医院
      ",0,https://www.guahao.com/hospital/bfd70589-9429-4ed6-9ad2-db6d620cfb93000,一级甲等,1258006
4,广东省佛山市禅城区纯阳路10号,"
        佛山市禅城区张槎医院
      ",0,https://www.guahao.com/hospital/98697c52-c720-11e1-913c-5cf9dd2e7135000,二级医院,0757-82216677(办公室)
5,黄岐黄海路58号,"
        南海区第六人民医院
      ",0,https://www.guahao.com/hospital/c95f522f-d9c5-42a1-8032-0d3912a03d15000,二级医院,0757-85930991
6,广东省陆丰市城东大道34号,"
        陆丰市人民医院
      ",0,https://www.guahao.com/hospital/FF0153A8EF122010E0430F01A8C07495000,二级甲等,0660-8906345
7,环城南路24号,"
        阳春市人民医院
      ",0,https://www.guahao.com/hospital/FF0153A8EF442010E0430F01A8C07495000,二级甲等,0662-7768669
8,端州六路24号,"
        肇庆市结核病防治所
      ",0,https://www.guahao.com/hospital/0555a29c-2aab-4bd6-92ef-5cd25ff928d6000,二级乙等,0758-2833920
9,惠民北路33号,"
        韶关市口腔医院
      ",0,https://www.guahao.com/hospital/09343e0c-33ed-46e3-883e-791967f42857000,二级甲等,0751-8777658
0,紫金县广场五路8号,"
        紫金县人民医院
      ",0,https://www.guahao.com/hospital/0edbdfe3-1fd7-49df-8652-91f078e93cfe000,二级甲等,0762-7822344
1,康平路,"
        汕尾逸挥基金医院
      ",0,https://www.guahao.com/hospital/1cf01e77-0e3b-4872-8e49-90f58b829007000,二级甲等,0660-3368120
2,春城拥军路2号,"
        阳春市中医院
      ",0,https://www.guahao.com/hospital/1e96a85d-1895-4545-90e7-24287e884fd3000,二级甲等,0662-7768400
3,环城西路14号2楼,"
        新兴县中医院
      ",0,https://www.guahao.com/hospital/400afa18-14c6-4379-981f-5d1bcc9d60cb000,二级甲等,0766-2921586
4,乳城镇鹰峰中路7号,"
        乳源县人民医院
      ",0,https://www.guahao.com/hospital/6bee8375-d045-4220-8c96-61a7c1eefc39000,二级甲等,0751-5388115
5,石角头19号,"
        龙川县中医院
      ",0,https://www.guahao.com/hospital/6e6c4458-bc7a-4a32-8e2d-0665be2b0cda000,二级甲等,0762-6759916
6,广东省云浮市云城区三元里20号,"
        云浮市妇幼保健院
      ",0,https://www.guahao.com/hospital/85cafab1-26df-4caf-948d-8caf1e700896000,二级甲等,"0766-8822580,0766-8865936"
7,河源市学生路78号,"
        河源市中医院
      ",0,https://www.guahao.com/hospital/98675d6c-c720-11e1-913c-5cf9dd2e7135000,二级甲等,0762-3334043
8,汕尾市民主广场二巷22号,"
        汕尾市人民医院
      ",0,https://www.guahao.com/hospital/9867b535-c720-11e1-913c-5cf9dd2e7135000,二级甲等,0660-3801050
9,阳江市石湾路119号,"
        阳江市第三人民医院
      ",0,https://www.guahao.com/hospital/98695853-c720-11e1-913c-5cf9dd2e7135000,二级甲等,0662-8880278
0,广东省阳春市河西迎宾大道239号,"
        阳春市妇幼保健院
      ",0,https://www.guahao.com/hospital/9869599b-c720-11e1-913c-5cf9dd2e7135000,二级甲等,0662-7662152
1,广东省中山市南朗镇田边正街80号,"
        中山市第三人民医院
      ",0,https://www.guahao.com/hospital/98695a44-c720-11e1-913c-5cf9dd2e7135000,二级医院,"0760-85521777,0760-852187..."
2,韶关市惠民北路20号,"
        韶关市妇幼保健院
      ",0,https://www.guahao.com/hospital/9869eada-c720-11e1-913c-5cf9dd2e7135000,二级甲等,0751-8746051
3,韶关市武江南路98号,"
        韶关市中医院
      ",0,https://www.guahao.com/hospital/986a48bc-c720-11e1-913c-5cf9dd2e7135000,二级甲等,0751-8775883
4,广东省潮州市环城西路84号,"
        潮州市中心医院
      ",0,https://www.guahao.com/hospital/986b174c-c720-11e1-913c-5cf9dd2e7135000,二级甲等,0768-2224092
5,广东省新兴县城南外新街2号,"
        新兴县人民医院
      ",0,https://www.guahao.com/hospital/986b5697-c720-11e1-913c-5cf9dd2e7135000,二级甲等,0766-2883261
6,广东省海丰县城人民南路18号,"
        海丰县彭湃纪念医院
      ",0,https://www.guahao.com/hospital/986b57c6-c720-11e1-913c-5cf9dd2e7135000,二级甲等,0660-6688120
7,乐昌市乐城镇盐围街70号,"
        乐昌市人民医院
      ",0,https://www.guahao.com/hospital/986b5a2e-c720-11e1-913c-5cf9dd2e7135000,二级甲等,0751-5552780
8,阳江市妇幼保健院:阳江市东门路2号;阳江市妇儿医院...,"
        阳江市妇幼保健院
      ",0,https://www.guahao.com/hospital/986ba52c-c720-11e1-913c-5cf9dd2e7135000,二级甲等,0662-8838077
9,广东省云浮市云城区城基路15号,"
        云浮市中医院
      ",0,https://www.guahao.com/hospital/9a80ca5c-c720-11e1-913c-5cf9dd2e7135000,二级甲等,0766-8822183
0,广东省韶关市南雄市雄州镇居仁街122号,"
        南雄市人民医院
      ",0,https://www.guahao.com/hospital/9a90e31f-c720-11e1-913c-5cf9dd2e7135000,二级甲等,0751-3867898
1,韶关市浈江区南韶路8-1号 （火车东站往北400米...,"
        韶关铁路医院
      ",0,https://www.guahao.com/hospital/9a9108c3-c720-11e1-913c-5cf9dd2e7135000,二级甲等,0751-8230480
2,广东省潮州市新洋路(交警支队左侧),"
        中国人民解放军第188医院
      ",0,https://www.guahao.com/hospital/9a9d8f50-c720-11e1-913c-5cf9dd2e7135000,二级甲等,0768-2869114
3,长安街251号,"
        河源市妇幼保健院
      ",0,https://www.guahao.com/hospital/b56683ef-31c3-492d-a38d-1c8548d0917d000,二级甲等,0762-3332859
4,梅新路凤尾园1号,"
        梅州市中医医院江南门诊部
      ",0,https://www.guahao.com/hospital/bd45f62c-c087-45b3-a28f-efa82e2bcd6f000,二级乙等,0753-2354273
5,道滘镇金牛新村南路69号,"
        东莞市道滘医院
      ",0,https://www.guahao.com/hospital/03e37e58-7f95-46ea-9140-54343a0e13fb000,一级甲等,0769-88831185
6,沙田镇中心区站前路,"
        东莞市沙田医院
      ",0,https://www.guahao.com/hospital/14f7a4de-eab7-4ef3-901a-24a34a52cc13000,一级甲等,0769-88808120
7,洪梅镇文卫路2号,"
        广东东莞市洪梅医院
      ",0,https://www.guahao.com/hospital/46319e1f-3fcd-40e6-96db-b9a445187043000,一级甲等,0769-38993300
8,吉隆镇南园街123号,"
        惠东县第二人民医院
      ",0,https://www.guahao.com/hospital/6bd8c73f-5585-49bf-a53c-5f8c4a8f51fb000,二级医院,(0752)8266120
9,红旗南路工业大道26号,"
        茂名市茂南区人民医院
      ",0,https://www.guahao.com/hospital/73ea050a-9fdc-45cb-b2ad-dc7e49384980000,二级医院,0668-2518918
0,东莞市樟木头镇东城区仙河路,"
        樟木头人民医院
      ",0,https://www.guahao.com/hospital/986840f3-c720-11e1-913c-5cf9dd2e7135000,一级甲等,0769-87790800(总机)
1,广东省东莞市茶山镇彩虹路92号,"
        东莞市茶山医院
      ",0,https://www.guahao.com/hospital/986900ed-c720-11e1-913c-5cf9dd2e7135000,一级甲等,"0769-86642066,0769-866489..."
2,佛山市南海区九江镇儒林西50号,"
        佛山市南海区九江医院
      ",0,https://www.guahao.com/hospital/98691104-c720-11e1-913c-5cf9dd2e7135000,一级甲等,0757-86583261(院办)
3,佛山市顺德区容桂大道北97号,"
        顺德容奇医院
      ",0,https://www.guahao.com/hospital/986915ff-c720-11e1-913c-5cf9dd2e7135000,一级甲等,0757-26688120
4,博罗县县城中心榕新路63号(综合医院) 博罗县县城...,"
        博罗县中医医院
      ",0,https://www.guahao.com/hospital/98693c5c-c720-11e1-913c-5cf9dd2e7135000,二级医院,"0752-6215601(正骨中心),0752-6..."
5,东莞市大岭山镇建卫路17号,"
        东莞市大岭山医院
      ",0,https://www.guahao.com/hospital/986a26d0-c720-11e1-913c-5cf9dd2e7135000,一级甲等,0769-85614120
6,广东省佛山市南海区西樵樵金路,"
        佛山市南海区西樵人民医院
      ",0,https://www.guahao.com/hospital/9a806250-c720-11e1-913c-5cf9dd2e7135000,一级甲等,0757-86892123
7,广东省东莞市虎门镇新湾新兴路10号,"
        东莞市虎门中医院
      ",0,https://www.guahao.com/hospital/9a80da2c-c720-11e1-913c-5cf9dd2e7135000,一级甲等,0769-85106926
8,广东省东莞市望牛墩镇望联六坊河西路一号,"
        东莞市望牛墩医院
      ",0,https://www.guahao.com/hospital/9a80e068-c720-11e1-913c-5cf9dd2e7135000,一级甲等,0769-88851861
9,广东省东莞市沿河路19号,"
        东莞市新涌医院
      ",0,https://www.guahao.com/hospital/9a80e9fd-c720-11e1-913c-5cf9dd2e7135000,一级甲等,0769--22219307
0,东莞市东坑镇沿河西路,"
        东莞市东坑医院
      ",0,https://www.guahao.com/hospital/9a80f02c-c720-11e1-913c-5cf9dd2e7135000,一级甲等,0769-83381754
1,广东省东莞市大朗镇金朗中路85号,"
        东莞市大朗医院
      ",0,https://www.guahao.com/hospital/9a80f0f5-c720-11e1-913c-5cf9dd2e7135000,一级甲等,0769-83101606
2,广东省江门市鹤山市沙坪镇保健街5号,"
        鹤山市妇幼保健院
      ",0,https://www.guahao.com/hospital/9a910203-c720-11e1-913c-5cf9dd2e7135000,二级医院,0750-8882425
3,礼乐三路200号,"
        江门市江海区中西医结合医院
      ",0,https://www.guahao.com/hospital/b0ef3bba-422a-45c0-9c52-8afbe97bf456000,二级医院,0750-3851120
4,塘镇永大西路2号,"
        三水区人民医院大塘医院
      ",0,https://www.guahao.com/hospital/c7e8df46-622e-4fce-8d12-183d49ce2ed5000,一级甲等,0757-87293384
5,广东省韶关市武江区沐溪大道13号,"
        粤北第二人民医院
      ",0,https://www.guahao.com/hospital/FF0153A8EECD2010E0430F01A8C07495000,二级乙等,0751-8726621
6,广东省韶关市工业中路91号,"
        韶关市第二人民医院
      ",0,https://www.guahao.com/hospital/fd3845a7-67fc-4f38-b7ee-61b666c9e508000,二级乙等,0751-8620120
7,16区人民医院,"
        阳西县人民医院
      ",0,https://www.guahao.com/hospital/057d86bc-4c57-48f2-bf4a-28104dbef2a2000,二级乙等,0662-5881771
8,中山市东街1号,"
        中山市港口医院
      ",0,https://www.guahao.com/hospital/425ca7fa-1a8d-499a-8e67-b4792b2333c3000,一级甲等,0760-8405937
9,横栏镇西中口,"
        中山市横栏医院
      ",0,https://www.guahao.com/hospital/5c10027a-c489-4179-a07e-d3c665818dff000,一级甲等,0760-87616378
0,石角镇永安街15号,"
        清远市清城区石角镇卫生院
      ",0,https://www.guahao.com/hospital/90283fda-9d40-4675-95cc-a0a7f66764b2000,二级医院,0763-3202152
1,神湾镇沙岗街15号,"
        中山市神湾医院
      ",0,https://www.guahao.com/hospital/90e5fb1d-bf02-41ee-9973-2110b40ac01f000,一级甲等,0760-86609213
2,肇庆市端州七路九号第二幢(西江大桥广场东侧),"
        肇庆市皮肤病医院
      ",0,https://www.guahao.com/hospital/986758d1-c720-11e1-913c-5cf9dd2e7135000,二级医院,0758-2825072(总机)
3,肇庆市端州二路1号,"
        肇庆市第三人民医院
      ",0,https://www.guahao.com/hospital/98675b16-c720-11e1-913c-5cf9dd2e7135000,二级医院,"0758-2718564,0758-2740351"
4,广东省中山市石岐莲员东路19号,"
        中山市苏华赞医院
      ",0,https://www.guahao.com/hospital/9a809f4e-c720-11e1-913c-5cf9dd2e7135000,一级甲等,0760-88823867
5,绿榕路万绿花园6号,"
        潮州市湘桥区中医院
      ",0,https://www.guahao.com/hospital/b9f59f75-c31b-4778-86dc-174270af7d59000,二级乙等,0768-2183062
6,华强路9号保利克洛维1期4楼（1号电梯上）,"
        医和你诊疗中心
      ",0,https://www.guahao.com/hospital/cf9ad03f-0144-40d4-83ad-8b3e5c69f1a8000,一级医院,020-38615802
7,珠江新城华穗路390号二楼,"
        天河区冼村街社区卫生服务中心
      ",0,https://www.guahao.com/hospital/cfe49688-87cc-4c48-8221-e666b58dc074000,一级医院,020-87518882
8,仁和路与八五六乡道交叉口往北方向200米附近,"
        江门鹤山市共和镇共和医院
      ",0,https://www.guahao.com/hospital/d529ab52-a8bd-49b1-8650-fc12742718bb000,一级甲等,0750-8300232
9,文船路208号,"
        黄埔区红山街社区卫生服务中心
      ",0,https://www.guahao.com/hospital/04481dc9-41af-4c89-8fe4-fbe4dc285773000,一级医院,020-32080855
0,广州国际生物岛螺旋三路6号第八层802单元,"
        深圳互联网医院
      ",0,https://www.guahao.com/hospital/061178e2-611c-4681-bf3c-f9a38ee93de9000,其他,95169100
1,广州国际生物岛螺旋三路6号第八层802单元,"
        广州互联网医院
      ",0,https://www.guahao.com/hospital/06cf61d3-0711-4303-b48f-b3a7def3fbb9000,一级医院,02089115571
2,龙洞直街69号,"
        广州市天河区龙洞街社区卫生服务中心
      ",0,https://www.guahao.com/hospital/0735bf30-5db6-4f67-80bc-69bc67945e8d000,一级医院,020-28854045
3,广州国际生物岛螺旋三路6号第八层802单元,"
        广州互联网医院门诊部
      ",0,https://www.guahao.com/hospital/143f2a56-8423-4b1e-9c8d-f358de3624e7000,一级医院,02089115571
4,南村镇兴南大道163号蝶恋花路12号,"
        珠惠中医门诊部
      ",0,https://www.guahao.com/hospital/1ee1d70d-5b41-4fd9-afe9-99578cf23b71000,一级医院,020-61909390
5,先烈东横路10号,"
        广州市天河区沙河街社区卫生服务中心
      ",0,https://www.guahao.com/hospital/2a589ea6-099b-4dc9-bc69-083cc59924ab000,一级医院,(020)89193111
6,龙湖路233号,"
        广州市社会福利院
      ",0,https://www.guahao.com/hospital/502d1b27-70cd-4b15-ae76-b3a17cfa028b000,一级医院,020-37305013
7,284省道那务卫生院,"
        化州市那务卫生院
      ",0,https://www.guahao.com/hospital/76f6d83d-37dc-4d27-971e-634e22f15187000,一级甲等,0668-7571845
8,广东省广州市荔湾区恩宁路197号,"
        广州市荔湾区多宝街社区卫生服务中心
      ",0,https://www.guahao.com/hospital/9a9812ec-c720-11e1-913c-5cf9dd2e7135000,其他,"020-81386226,81814330"
9,越秀区大德路111号,"
        广东省中医院互联网医院
      ",0,https://www.guahao.com/hospital/b0437638-46e4-4dad-976b-25f5008692fa000,其他,020-81887233
0,先烈中路80号汇华商贸大厦808室,"
        家庭医生
      ",0,https://www.guahao.com/hospital/c770945b-e213-49fc-acbd-c7eec6a76bf8000,其他,020-37617988
1,车陂旭景西街194号,"
        广州市天河区车陂街社区卫生服务中心
      ",0,https://www.guahao.com/hospital/c8c8f2a1-a884-4e51-a19c-8c1af2a4a149000,一级医院,020-82312275
2,阳江市建设路109号,"
        阳江市中西医结合医院
      ",0,https://www.guahao.com/hospital/e3013b16-7d76-4f30-8f29-9c794198dc89000,二级医院,0662-3161439
3,广东省梅州市平远县,"
        梅州市平远县石正镇中心卫生院
      ",0,https://www.guahao.com/hospital/e9cbcb99-a65e-4714-b64c-00b124f23550000,一级甲等,13670822321
4,深南大道NEO大厦C栋19GF,"
        深圳爱丁妇科门诊部
      ",0,https://www.guahao.com/hospital/f9125297-8b83-49ac-ac54-476174809379000,对外专科,400-871-6011
5,兴云东路71号,"
        云城区人民医院
      ",0,https://www.guahao.com/hospital/09a3af53-7419-465c-9dc9-01bc56a91221000,二级医院,0766-8822102
6,梅林镇,"
        普宁市梅林镇中心卫生院
      ",0,https://www.guahao.com/hospital/1ddc80e0-3815-4197-819c-254504f1899c000,一级甲等,0663-2618439
7,皇岗口岸生活区2号综合楼,"
        深圳口岸医院
      ",0,https://www.guahao.com/hospital/66eda11d-cd38-4e04-851c-7919eb0b7375000,一级医院,0755-25936249
8,宝安区西乡街道文卫路99号,"
        深圳市宝安区慢性病防治院
      ",0,https://www.guahao.com/hospital/71f234ac-adfc-42d8-bf18-bf2d52f9d994000,一级医院,0755-25617222
9,东城镇怡兴中路,"
        阳东县人民医院
      ",0,https://www.guahao.com/hospital/86f7e36a-19e0-49ec-a0f7-8925ff76d921000,二级医院,0662-6611181
0,韶关市十里亭大道,"
        韶关市红十字会医院
      ",0,https://www.guahao.com/hospital/98674bee-c720-11e1-913c-5cf9dd2e7135000,二级医院,0751—8852911
1,河源市大桥南路26号,"
        河源市源城区人民医院
      ",0,https://www.guahao.com/hospital/986a1395-c720-11e1-913c-5cf9dd2e7135000,二级医院,0762-2803134(医务科)
2,广东省深圳市东门北路1019号（市人民医院留医部和...,"
        深圳市保健办
      ",0,https://www.guahao.com/hospital/9a9cc648-c720-11e1-913c-5cf9dd2e7135000,其他,0755-25509126，0755-255330...
3,南径山附近,"
        广东省普宁市南径镇卫生院
      ",0,https://www.guahao.com/hospital/bfac6beb-149a-4bf9-9712-58a0a8042e15000,一级甲等,0663-2566274
4,东郊水基,"
        肇庆复退军人医院
      ",0,https://www.guahao.com/hospital/bfed712f-6f17-4b2b-9771-02d35aa2ff31000,一级甲等,0758-2779254
5,深圳市宝安区裕安二路25号,"
        宝安凯旋社康中心
      ",0,https://www.guahao.com/hospital/c8c8ea51-795f-46d6-aac1-708d788cf711000,其他,0755-29113998
6,人民路28号,"
        阳西县溪头镇卫生院
      ",0,https://www.guahao.com/hospital/5464a860-d3bb-43ad-ac4c-2e91b1ef85d2000,一级甲等,0662-5561231
7,碣石镇太安大街1号,"
        陆丰碣石人民医院
      ",0,https://www.guahao.com/hospital/afc3ada2-1dd1-492d-a3d9-709513c03133000,一级甲等,0660-8866774
8,佛山市顺德区陈村镇安宁路2号,"
        佛山市顺德区陈村医院
      ",0,https://www.guahao.com/hospital/98691419-c720-11e1-913c-5cf9dd2e7135000,一级医院,"0757-23832501(办公室),0757-2..."
9,广东省高明监狱医院,"
        广东省高明监狱医院
      ",0,https://www.guahao.com/hospital/acb08bde-9ea5-446b-bc79-722918b146d9000,一级医院,0757-8861517
0,唐家湾镇鸡山社区海洋花园7栋AB,"
        鸡山社区卫生服务站
      ",0,https://www.guahao.com/hospital/44020034-ae06-4ba8-98a8-8810f4bd5f14000,一级医院,0756-6132015
1,成田镇深成路1号,"
        汕头市潮南区成田镇卫生院
      ",0,https://www.guahao.com/hospital/74c4f092-989f-4906-83df-4ba368c8d35a000,一级医院,(0754)82231254
2,汕头市大学路243号,"
        汕头大学医学院精神卫生中心
      ",0,https://www.guahao.com/hospital/98674cdb-c720-11e1-913c-5cf9dd2e7135000,一级医院,"0754-82902704(院办),0754-82..."
3,广东省珠海市香洲区人民东路323号,"
        珠海市结核病防治所
      ",0,https://www.guahao.com/hospital/9a9d0f55-c720-11e1-913c-5cf9dd2e7135000,其他,0756-2287906
4,镇隆镇,"
        信宜市镇隆镇卫生院
      ",0,https://www.guahao.com/hospital/daf888c8-34fa-4f44-8ca1-d2f6f1c9d4a4000,一级医院,0668- 8322313
5,都斛镇卫生院,"
        台山市都斛镇卫生院
      ",0,https://www.guahao.com/hospital/ea36a7e1-ea97-4597-bc8b-1e343b73105a000,一级医院,0750-0000000
6,遂城卫生院,"
        遂溪县遂城卫生院
      ",0,https://www.guahao.com/hospital/02200967-d139-43d8-906f-d4a5e95c6fd3000,一级医院,0759-7775120
7,永汉镇人民路101号,"
        龙门县永汉卫生院
      ",0,https://www.guahao.com/hospital/a7ee1b01-a5cb-4b06-82c5-d0a007ab3faa000,一级医院,0752-7602899
8,同庆镇文卫路,"
        化州市同庆卫生院
      ",0,https://www.guahao.com/hospital/b44881e6-e43b-40ec-be0a-50c872f1f637000,一级医院,0668-7811524
9,飞来峡大道,"
        清城区飞来峡镇卫生院
      ",0,https://www.guahao.com/hospital/fdaa056f-2060-43d8-aeae-bd5ef32b3778000,一级医院,0763-3841909
0,九龙镇太平村委会第一卫生站,"
        英德市九龙镇太平村委会第一卫生站
      ",0,https://www.guahao.com/hospital/2e7b7599-3bd6-4af7-91a9-1764b0d9076a000,一级医院,13425200982
1,池尾卫生院,"
        普宁市池尾卫生院
      ",0,https://www.guahao.com/hospital/81bb3865-7e1d-44c7-b69d-946de49ce68d000,一级医院,0000-00000000
2,广东省广州市海珠区新港中路468号,"
        中国人民解放军第421医院
      ",3562,https://www.guahao.com/hospital/9867e075-c720-11e1-913c-5cf9dd2e7135000,三级甲等,020-61636300
3,岐岭镇岐岭大道东73号,"
        岐岭镇卫生院
      ",0,https://www.guahao.com/hospital/9d6b7c1d-f0b5-4794-b875-ee0d06001266000,一级医院,0753-4801223
4,麒麟镇,"
        普宁市麒麟镇卫生院
      ",0,https://www.guahao.com/hospital/c518bfd3-53f9-4a18-adc3-e1ef5f55123d000,一级医院,0663-2554922
5,城新路8号,"
        潮州市人民医院
      ",0,https://www.guahao.com/hospital/dea4141a-dd54-44a4-b9fc-35ea073d23f1000,其他,0768-2262612
6,蓝口镇新建设路35号,"
        东源县蓝口镇中心卫生院
      ",0,https://www.guahao.com/hospital/4dee0a71-fd6a-4ef7-815b-79b279d5a86e000,一级医院,0762-8688346
7,潭西镇潭西圩,"
        陆丰市潭西镇卫生院
      ",0,https://www.guahao.com/hospital/68ac7500-b6f9-434a-9110-8ceb20e0c77d000,一级医院,0660-8222820
8,深渡水乡244省道,"
        始兴县深渡水乡卫生院
      ",0,https://www.guahao.com/hospital/96f7a41c-57d9-4764-9ecb-26468c31d9a0000,一级医院,(0751) 3262310
9,广东省东莞市东莞大道1000号,"
        东莞康华医院
      ",1667,https://www.guahao.com/hospital/9fcc0c65-d1a8-4e8e-a0f4-68c2dac49bfa000,三级甲等,0769-22823333
0,广东省广州市天河区天河路108号,"
        广东药学院新天生殖医院
      ",613,https://www.guahao.com/hospital/2a962d1a-42bb-48c2-bc42-2f8f2df7b0bd000,二级医院,4009993222；020-85585555
1,广东省广州市天河区中山大道中190号骏景花园骏景路...,"
        广州中医药大学国医馆天河骏景分院
      ",6797,https://www.guahao.com/hospital/b34671b4-0712-47ab-916c-eb478a1af4b8000,对外专科,4006267777
2,广东省广州市天河区天河路502号,"
        广州长安医院
      ",1239,https://www.guahao.com/hospital/17a7744b-5ca7-447d-ae8a-ae281429fd43000,对外综合,020-22222222
3,广州市广州大道中345号,"
        广州男科医院
      ",1224,https://www.guahao.com/hospital/2dc713ce-cd32-4714-a338-0046cda9b7aa000,对外专科,4008491118
4,深圳市福田区竹子林四路与紫竹六道交汇处越众越海家园...,"
        固生堂中医深圳竹子林分院
      ",670,https://www.guahao.com/hospital/13e847ea-cd4e-48d6-8da1-87fcbc013fc5000,对外专科,4006267777
5,深圳市南山大道南海大厦B座3层,"
        固生堂中医深圳南山分院
      ",89,https://www.guahao.com/hospital/3d8f88b3-d383-49e9-9c43-34d22e3a0c45000,对外专科,4006267777
6,东莞市石龙西湖三路（南）68号博爱园,"
        东莞市儿童医院
      ",0,https://www.guahao.com/hospital/e6c8cecc-856e-4e1d-bc48-478871365121000,三级医院,0769-86118320
7,广东省汕头市东厦北路（广厦新城）,"
        汕头国际眼科中心
      ",0,https://www.guahao.com/hospital/9a802578-c720-11e1-913c-5cf9dd2e7135000,三级医院,0754-88393508
8,华南师范大学石牌校区,"
        华南师范大学医院
      ",0,https://www.guahao.com/hospital/0b56b4f1-4283-4728-b7fc-ab38085bb4d3000,对外综合,020-85216549
9,广州市花城大道名门大厦4楼,"
        广州市颐和传统医学研究所
      ",0,https://www.guahao.com/hospital/0e36df8a-269e-43f4-bfc8-8d951e86ee9d000,对外专科,020-38897513
0,广州市恒福路56号,"
        广州市皮肤病防治所
      ",0,https://www.guahao.com/hospital/986b1164-c720-11e1-913c-5cf9dd2e7135000,对外专科,020-83597399
1,广州市天河区天河北路382号,"
        广州市天河区林和街社区卫生服务中心
      ",0,https://www.guahao.com/hospital/9a988b5b-c720-11e1-913c-5cf9dd2e7135000,对外综合,020-38810795
2,广东省广州恒福路155号,"
        广州恒生手外科医院
      ",0,https://www.guahao.com/hospital/9a98d772-c720-11e1-913c-5cf9dd2e7135000,对外专科,020-83581219
3,广东省广州市越秀区梅东路17号,"
        广东省计划生育专科医院
      ",0,https://www.guahao.com/hospital/9aa1e6c4-c720-11e1-913c-5cf9dd2e7135000,对外专科,020-87777331
4,深圳市宝安区宝城九区创业二路四号,"
        深圳市宝安区计划生育专科医院
      ",0,https://www.guahao.com/hospital/9a8036b9-c720-11e1-913c-5cf9dd2e7135000,对外专科,0755-27780418
5,广东省深圳市南山区后海华明路7号（南油小学斜对面）,"
        深圳市南山区慢性病防治院
      ",0,https://www.guahao.com/hospital/9a9a3ab7-c720-11e1-913c-5cf9dd2e7135000,对外专科,0755-26648381
6,广东省深圳市福田区南园松岭路35号,"
        深圳市第四人民医院南园社区健康服务中心
      ",0,https://www.guahao.com/hospital/9a9cb0ff-c720-11e1-913c-5cf9dd2e7135000,对外综合,0755-83639071
7,广东省深圳市南山区西丽镇沁园路麒麟山疗养院,"
        深圳市麒麟山疗养院
      ",0,https://www.guahao.com/hospital/9a9cb3d9-c720-11e1-913c-5cf9dd2e7135000,对外专科,0755-26626028
8,广东省东莞市凤岗镇雁田镇田北路,"
        南方医科大学广济医院
      ",0,https://www.guahao.com/hospital/9a80e7bc-c720-11e1-913c-5cf9dd2e7135000,对外综合,"0769-87866333,0769-878699..."
9,东莞市寮步西南路171-175号,"
        同济医学院附属东莞医院
      ",0,https://www.guahao.com/hospital/9a9af813-c720-11e1-913c-5cf9dd2e7135000,对外综合,0769-22668800
0,广东省茂名市计星路一巷10号,"
        茂名市慢性病防治医院
      ",0,https://www.guahao.com/hospital/9a81209f-c720-11e1-913c-5cf9dd2e7135000,对外专科,0668-2102097
1,深圳市光明新区马田办事处松白路4253号,"
        深圳市光明新区人民医院
      ",3,https://www.guahao.com/hospital/fb6f805d-d3bd-4331-8d52-48a5bbfc33df000,三级丙等,0755-27548802
2,海珠区宝业路8号江南花园2层（麦当劳前行10米或广...,"
        广州固生堂海珠分院
      ",2399,https://www.guahao.com/hospital/a51c6e9c-4950-4b72-a9ea-2c0363988c18000,其他,4006267777
3,广州市中山一路48号,"
        广州固生堂岭南东山分院
      ",1940,https://www.guahao.com/hospital/0ba6ad0e-de17-4996-9193-4a6f8fd3d4a0000,对外专科,4006267777
4,广州市东湖路60号,"
        广州固生堂岭南东湖分院
      ",1240,https://www.guahao.com/hospital/2dd4be2d-a25b-4caf-9612-fea59b879b97000,对外专科,4006267777
5,广州市恒福路94号,"
        广州固生堂岭南淘金分院
      ",1033,https://www.guahao.com/hospital/25223172-6c3d-4e05-883d-9caf4e278671000,对外专科,4006267777
6,广州市水荫路58号,"
        广州固生堂岭南水荫分院
      ",292,https://www.guahao.com/hospital/9b7d0a47-6869-4a59-a33c-2d699693b7ef000,对外专科,4006267777
7,广州市越秀区犀牛路7号,"
        广东民安医院
      ",8,https://www.guahao.com/hospital/69f34982-80e4-4ee0-95e4-69bd11bda87d000,对外综合,020-62823999
8,亚运城亚运南路63号,"
        广州医科大学附属第二医院番禺院区
      ",0,https://www.guahao.com/hospital/37bb3ef0-ffdf-4676-ba56-1acc69fd0d61000,三级甲等,020-39195566
9,港湾路621号,"
        广州医科大学附属第五医院
      ",0,https://www.guahao.com/hospital/808b9cd9-7973-442a-b1b4-4ecc96423eb6000,三级医院,020-82152464
0,宝荷大道113号,"
        深圳市肿瘤医院
      ",0,https://www.guahao.com/hospital/594b27ec-ef90-494c-904f-b74042fb89db000,三级医院,0755_66618168
1,峡山练南管区324国道北侧,"
        汕头潮南民生医院
      ",0,https://www.guahao.com/hospital/ac7ba0af-3940-4766-904e-caf3a2a008c8000,三级乙等,0754-8783333
2,大岗镇兴业路7号,"
        广州市南沙区第六人民医院
      ",0,https://www.guahao.com/hospital/7e771721-af90-4261-83e0-9c2e04eda047000,二级甲等,020-34994386
3,越秀南路124号,"
        越秀区第二中医院
      ",0,https://www.guahao.com/hospital/a4ca0772-a444-48d8-8dee-ec4c35a192fa000,二级医院,020-83836425
4,广东省佛山市顺德区容桂街道狮山路4号,"
        佛山市顺德区第二人民医院
      ",0,https://www.guahao.com/hospital/bebe5b79-52fa-4e9e-911c-f74ec32605e3000,二级甲等,0757-28880090
5,新会区惠民东路47号,"
        江门市新会区中医院
      ",0,https://www.guahao.com/hospital/18d03cd2-2661-4a8d-a9a0-e6108db42178000,二级甲等,0750-6621128
6,和平县阳明镇东山路康乐村10号,"
        和平县人民医院
      ",0,https://www.guahao.com/hospital/5ebd6265-f13b-4bbb-8bb7-368668b10e01000,二级甲等,0762-5634690
7,北河街1号,"
        紫金县中医院
      ",0,https://www.guahao.com/hospital/4411e793-3b49-484c-b64a-e06f525cef69000,二级乙等,0762-7822662
8,德政中路拾桂坊16号,"
        大塘街社区卫生服务中心
      ",0,https://www.guahao.com/hospital/314eae42-05d7-485f-adbc-07fa5e4d7bbc000,一级医院,020-83864413
9,海珠中路83号之一,"
        越秀区诗书街社区卫生服务中心
      ",0,https://www.guahao.com/hospital/49e8ffc7-ff76-4833-9d3a-31d07836c657000,一级医院,020-81583312
0,市桥坑口路84号,"
        番禺区市桥街东片社区卫生服务中心
      ",0,https://www.guahao.com/hospital/91278ed6-cc98-4e5c-84bb-99fb1c8d5d0c000,一级医院,02084823872
1,龙华大道西18,"
        博罗县龙华镇卫生院
      ",0,https://www.guahao.com/hospital/6ef44c8a-2b62-4243-831a-7b65cf2c2c6e000,一级医院,13680792812
2,白沙兴盛社区卫生服务中心,"
        江门市蓬江区白沙兴盛社区卫生服务中心
      ",0,https://www.guahao.com/hospital/817e7433-55d1-40da-bb52-5153f07fec58000,一级医院,18922020509
